Year,Sanctuary,Status,Site,Observer,Replicate,Sampling.location,Depth,Gps,Way.point,D,Time,Complexity,Algal.cover,Sample,Latitude,Longitude,Successful.count,Successful.length,Date,Location
2015,Armstrong Bay,Fished,City of York,none,361,none,1,2,997,12/30/1899,12:55:00,2,1,394,-31.994655,115.495719,Yes,Yes,20150129,
2015,Armstrong Bay,Fished,City of York,none,362,none,1,2,998,12/30/1899,12:55:00,1,1,395,-31.994655,115.495719,Yes,Yes,20150129,
2015,Armstrong Bay,Fished,City of York,none,363,none,1,2,999,12/30/1899,12:55:00,1,1,396,-31.994655,115.495719,Yes,Yes,20150129,
2015,Armstrong Bay,Fished,City of York,none,364,none,1,2,9,12/30/1899,12:55:00,1,1,397,-31.994655,115.495719,Yes,Yes,20150129,
2015,Armstrong Bay,Fished,City of York,none,365,none,1,2,10,12/30/1899,12:55:00,1,1,398,-31.994655,115.495719,Yes,Yes,20150129,
2015,Armstrong Bay,Fished,City of York,none,366,none,1,2,11,12/30/1899,12:55:00,1,2,399,-31.994655,115.495719,Yes,Yes,20150129,
2015,Armstrong Bay,Fished,City of York,none,367,none,1,2,12,12/30/1899,12:55:00,2,1,400,-31.994655,115.495719,Yes,Yes,20150129,
2015,Armstrong Bay,Fished,City of York,none,368,none,1,2,13,12/30/1899,12:55:00,3,1,401,-31.994655,115.495719,Yes,Yes,20150129,
2015,Armstrong Bay,Fished,City of York,none,369,none,1,2,14,12/30/1899,12:55:00,3,2,402,-31.994655,115.495719,Yes,Yes,20150129,
2015,Armstrong Bay,No-take,Little Armstrong,none,1,none,1,3,163,12/30/1899,14:45:00,2,2,403,-31.990553,115.505975,Yes,Yes,20150122,
2015,Armstrong Bay,No-take,Little Armstrong,none,2,none,1,3,164,12/30/1899,14:45:00,2,2,404,-31.990553,115.505975,Yes,Yes,20150122,
2015,Armstrong Bay,No-take,Little Armstrong,none,3,none,1,3,165,12/30/1899,14:45:00,1,2,405,-31.990553,115.505975,Yes,Yes,20150122,
2015,Armstrong Bay,No-take,Little Armstrong,none,4,none,1,3,166,12/30/1899,14:45:00,1,2,406,-31.990553,115.505975,Yes,Yes,20150122,
2015,Armstrong Bay,No-take,Little Armstrong,none,5,none,1,3,167,12/30/1899,14:45:00,1,3,407,-31.990553,115.505975,Yes,Yes,20150122,
2015,Armstrong Bay,No-take,Little Armstrong,none,6,none,1,3,168,12/30/1899,14:45:00,3,2,408,-31.990553,115.505975,Yes,Yes,20150122,
2015,Armstrong Bay,No-take,Little Armstrong,none,7,none,1,3,169,12/30/1899,14:45:00,2,2,409,-31.990553,115.505975,Yes,Yes,20150122,
2015,Armstrong Bay,No-take,Little Armstrong,none,8,none,1,3,170,12/30/1899,14:45:00,1,1,410,-31.990553,115.505975,Yes,Yes,20150122,
2015,Armstrong Bay,No-take,Little Armstrong,none,9,none,1,3,171,12/30/1899,14:45:00,1,1,411,-31.990553,115.505975,Yes,Yes,20150122,
2015,Armstrong Bay,No-take,Little Armstrong,none,10,none,1,3,172,12/30/1899,14:45:00,3,1,412,-31.990553,115.505975,Yes,Yes,20150122,
2015,Armstrong Bay,No-take,Little Armstrong,none,11,none,1,2,932,12/30/1899,14:45:00,0,1,413,-31.990553,115.505975,Yes,Yes,20150122,
2015,Armstrong Bay,No-take,Little Armstrong,none,12,none,1,2,934,12/30/1899,14:45:00,0,2,414,-31.990553,115.505975,Yes,Yes,20150122,
2015,Armstrong Bay,No-take,Little Armstrong,none,13,none,1,2,935,12/30/1899,14:45:00,1,1,415,-31.990553,115.505975,Yes,Yes,20150122,
2015,Armstrong Bay,No-take,Little Armstrong,none,14,none,1,2,936,12/30/1899,14:45:00,3,1,416,-31.990553,115.505975,Yes,Yes,20150122,
2015,Armstrong Bay,No-take,Little Armstrong,none,15,none,1,2,937,12/30/1899,14:45:00,2,1,417,-31.990553,115.505975,Yes,Yes,20150122,
2015,Armstrong Bay,No-take,Little Armstrong,none,16,none,1,2,938,12/30/1899,14:45:00,3,2,418,-31.990553,115.505975,Yes,Yes,20150122,
2015,Armstrong Bay,No-take,Little Armstrong,none,17,none,1,2,939,12/30/1899,14:45:00,1,3,419,-31.990553,115.505975,Yes,Yes,20150122,
2015,Armstrong Bay,No-take,Little Armstrong,none,18,none,1,2,940,12/30/1899,14:45:00,1,3,420,-31.990553,115.505975,Yes,Yes,20150122,
2015,Armstrong Bay,No-take,Little Armstrong,none,19,none,1,2,941,12/30/1899,14:45:00,3,1,421,-31.990553,115.505975,Yes,Yes,20150122,
2015,Armstrong Bay,No-take,Little Armstrong,none,20,none,1,2,942,12/30/1899,14:45:00,0,2,422,-31.990553,115.505975,Yes,Yes,20150122,
2015,Armstrong Bay,No-take,Little Armstrong,none,21,none,1,1,16,12/30/1899,14:45:00,1,3,423,-31.990553,115.505975,Yes,Yes,20150122,
2015,Armstrong Bay,No-take,Little Armstrong,none,22,none,1,1,17,12/30/1899,14:45:00,1,1,424,-31.990553,115.505975,Yes,Yes,20150122,
2015,Armstrong Bay,No-take,Little Armstrong,none,23,none,1,1,18,12/30/1899,14:45:00,3,1,425,-31.990553,115.505975,Yes,Yes,20150122,
2015,Armstrong Bay,No-take,Little Armstrong,none,24,none,1,1,19,12/30/1899,14:45:00,3,1,426,-31.990553,115.505975,Yes,Yes,20150122,
2015,Armstrong Bay,No-take,Little Armstrong,none,25,none,1,1,20,12/30/1899,14:45:00,3,2,427,-31.990553,115.505975,Yes,Yes,20150122,
2015,Armstrong Bay,No-take,Little Armstrong,none,26,none,1,1,21,12/30/1899,14:45:00,3,2,428,-31.990553,115.505975,Yes,Yes,20150122,
2015,Armstrong Bay,No-take,Little Armstrong,none,27,none,1,1,22,12/30/1899,14:45:00,3,2,429,-31.990553,115.505975,Yes,Yes,20150122,
2015,Armstrong Bay,No-take,Little Armstrong,none,28,none,1,1,23,12/30/1899,14:45:00,3,2,430,-31.990553,115.505975,Yes,Yes,20150122,
2015,Armstrong Bay,No-take,Little Armstrong,none,29,none,1,1,24,12/30/1899,14:45:00,3,2,431,-31.990553,115.505975,Yes,Yes,20150122,
2015,Armstrong Bay,No-take,Little Armstrong,none,30,none,1,1,25,12/30/1899,14:45:00,2,2,432,-31.990553,115.505975,Yes,Yes,20150122,
2015,Armstrong Bay,Fished,City of York,none,370,none,1,NCB1,108,12/30/1899,12:55:00,2,2,433,-31.994655,115.495719,Yes,Yes,20150129,
2015,Armstrong Bay,Fished,City of York,none,371,none,1,NCB1,109,12/30/1899,12:55:00,2,2,434,-31.994655,115.495719,Yes,Yes,20150129,
2015,Armstrong Bay,Fished,City of York,none,372,none,1,NCB1,110,12/30/1899,12:55:00,3,1,435,-31.994655,115.495719,Yes,Yes,20150129,
2015,Armstrong Bay,Fished,City of York,none,373,none,1,NCB1,111,12/30/1899,12:55:00,0,2,436,-31.994655,115.495719,Yes,Yes,20150129,
2015,Armstrong Bay,Fished,City of York,none,374,none,1,NCB1,113,12/30/1899,12:55:00,2,1,437,-31.994655,115.495719,Yes,Yes,20150129,
2015,Armstrong Bay,Fished,City of York,none,375,none,1,NCB1,115,12/30/1899,12:55:00,1,2,438,-31.994655,115.495719,Yes,Yes,20150129,
2015,Armstrong Bay,Fished,City of York,none,376,none,1,NCB1,122,12/30/1899,12:55:00,2,2,439,-31.994655,115.495719,Yes,Yes,20150129,
2015,Armstrong Bay,Fished,City of York,none,377,none,1,NCB1,124,12/30/1899,12:55:00,2,2,440,-31.994655,115.495719,Yes,Yes,20150129,
2015,Armstrong Bay,Fished,City of York,none,378,none,1,NCB1,125,12/30/1899,12:55:00,3,2,441,-31.994655,115.495719,Yes,Yes,20150129,
2015,Armstrong Bay,Fished,City of York,none,379,none,1,NCB1,126,12/30/1899,12:55:00,2,1,442,-31.994655,115.495719,Yes,Yes,20150129,
2015,Armstrong Bay,Fished,City of York,none,380,none,1,1,134,12/30/1899,12:55:00,2,1,443,-31.994655,115.495719,Yes,Yes,20150129,
2015,Armstrong Bay,Fished,City of York,none,381,none,1,1,135,12/30/1899,12:55:00,2,1,444,-31.994655,115.495719,Yes,Yes,20150129,
2015,Armstrong Bay,Fished,City of York,none,382,none,1,1,136,12/30/1899,12:55:00,1,1,445,-31.994655,115.495719,Yes,Yes,20150129,
2015,Armstrong Bay,Fished,City of York,none,383,none,1,1,137,12/30/1899,12:55:00,1,1,446,-31.994655,115.495719,Yes,Yes,20150129,
2015,Armstrong Bay,Fished,City of York,none,384,none,1,1,138,12/30/1899,12:55:00,1,1,447,-31.994655,115.495719,Yes,Yes,20150129,
2015,Armstrong Bay,Fished,City of York,none,385,none,1,1,139,12/30/1899,12:55:00,2,1,448,-31.994655,115.495719,Yes,Yes,20150129,
2015,Armstrong Bay,Fished,City of York,none,386,none,1,1,140,12/30/1899,12:55:00,3,1,449,-31.994655,115.495719,Yes,Yes,20150129,
2015,Armstrong Bay,Fished,City of York,none,387,none,1,1,141,12/30/1899,12:55:00,1,1,450,-31.994655,115.495719,Yes,Yes,20150129,
2015,Armstrong Bay,Fished,City of York,none,388,none,1,1,142,12/30/1899,12:55:00,1,2,451,-31.994655,115.495719,Yes,Yes,20150129,
2015,Armstrong Bay,Fished,City of York,none,389,none,1,1,143,12/30/1899,12:55:00,2,2,452,-31.994655,115.495719,Yes,Yes,20150129,
2015,Armstrong Bay,Fished,City of York,none,360,none,1,2,996,12/30/1899,12:55:00,3,2,453,-31.994655,115.495719,Yes,Yes,20150129,
2015,Armstrong Bay,Fished,Parakeet Bay,none,31,none,1,2,945,12/30/1899,9:00:00,1,3,454,-31.988916,115.5158,Yes,Yes,20150123,
2015,Armstrong Bay,Fished,Parakeet Bay,none,32,none,1,2,946,12/30/1899,9:00:00,1,2,455,-31.988916,115.5158,Yes,Yes,20150123,
2015,Armstrong Bay,Fished,Parakeet Bay,none,33,none,1,2,947,12/30/1899,9:00:00,3,1,456,-31.988916,115.5158,Yes,Yes,20150123,
2015,Armstrong Bay,Fished,Parakeet Bay,none,34,none,1,2,948,12/30/1899,9:00:00,3,3,457,-31.988916,115.5158,Yes,Yes,20150123,
2015,Armstrong Bay,Fished,Parakeet Bay,none,35,none,1,2,949,12/30/1899,9:00:00,1,3,458,-31.988916,115.5158,Yes,Yes,20150123,
2015,Armstrong Bay,Fished,Parakeet Bay,none,36,none,1,2,950,12/30/1899,9:00:00,3,1,459,-31.988916,115.5158,Yes,Yes,20150123,
2015,Armstrong Bay,Fished,Parakeet Bay,none,37,none,1,2,951,12/30/1899,9:00:00,1,3,460,-31.988916,115.5158,Yes,Yes,20150123,
2015,Armstrong Bay,Fished,Parakeet Bay,none,38,none,1,2,952,12/30/1899,9:00:00,3,1,461,-31.988916,115.5158,Yes,Yes,20150123,
2015,Armstrong Bay,Fished,Parakeet Bay,none,39,none,1,2,953,12/30/1899,9:00:00,4,3,462,-31.988916,115.5158,Yes,Yes,20150123,
2015,Armstrong Bay,Fished,Parakeet Bay,none,40,none,1,2,954,12/30/1899,9:00:00,3,2,463,-31.988916,115.5158,Yes,Yes,20150123,
2015,Armstrong Bay,Fished,Ricey Beach,none,241,none,1,2,58,12/30/1899,16:15:00,1,2,464,-31.999667,115.48882,Yes,Yes,20150125,
2015,Armstrong Bay,Fished,Ricey Beach,none,242,none,1,2,59,12/30/1899,16:15:00,1,2,465,-31.999667,115.48882,Yes,Yes,20150125,
2015,Armstrong Bay,Fished,Ricey Beach,none,243,none,1,2,60,12/30/1899,16:15:00,3,1,466,-31.999667,115.48882,Yes,Yes,20150125,
2015,Armstrong Bay,Fished,Ricey Beach,none,244,none,1,2,61,12/30/1899,16:15:00,2,1,467,-31.999667,115.48882,Yes,Yes,20150125,
2015,Armstrong Bay,Fished,Ricey Beach,none,245,none,1,2,62,12/30/1899,16:15:00,1,2,468,-31.999667,115.48882,Yes,Yes,20150125,
2015,Armstrong Bay,Fished,Ricey Beach,none,246,none,1,2,63,12/30/1899,16:15:00,3,2,469,-31.999667,115.48882,Yes,Yes,20150125,
2015,Armstrong Bay,Fished,Ricey Beach,none,247,none,1,2,64,12/30/1899,16:15:00,1,3,470,-31.999667,115.48882,Yes,Yes,20150125,
2015,Armstrong Bay,Fished,Ricey Beach,none,248,none,1,2,65,12/30/1899,16:15:00,0,2,471,-31.999667,115.48882,Yes,Yes,20150125,
2015,Armstrong Bay,Fished,Ricey Beach,none,249,none,1,2,66,12/30/1899,16:15:00,2,2,472,-31.999667,115.48882,Yes,Yes,20150125,
2015,Armstrong Bay,Fished,Ricey Beach,none,250,none,1,2,67,12/30/1899,16:15:00,1,2,473,-31.999667,115.48882,Yes,Yes,20150125,
2015,Armstrong Bay,Fished,Ricey Beach,none,251,none,1,3,247,12/30/1899,16:09:00,1,2,474,-31.999667,115.48882,Yes,Yes,20150125,
2015,Armstrong Bay,Fished,Ricey Beach,none,252,none,1,3,248,12/30/1899,16:09:00,4,1,475,-31.999667,115.48882,Yes,Yes,20150125,
2015,Armstrong Bay,Fished,Ricey Beach,none,253,none,1,3,249,12/30/1899,16:09:00,3,3,476,-31.999667,115.48882,Yes,Yes,20150125,
2015,Armstrong Bay,Fished,Ricey Beach,none,254,none,1,3,250,12/30/1899,16:09:00,4,1,477,-31.999667,115.48882,Yes,Yes,20150125,
2015,Armstrong Bay,Fished,Ricey Beach,none,255,none,1,3,251,12/30/1899,16:09:00,1,2,478,-31.999667,115.48882,Yes,Yes,20150125,
2015,Armstrong Bay,Fished,Ricey Beach,none,256,none,1,3,252,12/30/1899,16:09:00,1,2,479,-31.999667,115.48882,Yes,Yes,20150125,
2015,Armstrong Bay,Fished,Ricey Beach,none,257,none,1,3,253,12/30/1899,16:09:00,1,1,480,-31.999667,115.48882,Yes,Yes,20150125,
2015,Armstrong Bay,Fished,Ricey Beach,none,258,none,1,3,254,12/30/1899,16:09:00,1,2,481,-31.999667,115.48882,Yes,Yes,20150125,
2015,Armstrong Bay,Fished,Ricey Beach,none,259,none,1,3,255,12/30/1899,16:09:00,4,2,482,-31.999667,115.48882,Yes,Yes,20150125,
2015,Armstrong Bay,Fished,Ricey Beach,none,260,none,1,3,256,12/30/1899,16:09:00,1,2,483,-31.999667,115.48882,Yes,Yes,20150125,
2015,Armstrong Bay,Fished,Ricey Beach,none,261,none,1,1,98,12/30/1899,16:10:00,0,2,484,-31.999667,115.48882,Yes,Yes,20150125,
2015,Armstrong Bay,Fished,Ricey Beach,none,262,none,1,1,99,12/30/1899,16:10:00,1,1,485,-31.999667,115.48882,Yes,Yes,20150125,
2015,Armstrong Bay,Fished,Ricey Beach,none,263,none,1,1,100,12/30/1899,16:10:00,1,1,486,-31.999667,115.48882,Yes,Yes,20150125,
2015,Armstrong Bay,Fished,Ricey Beach,none,264,none,1,1,101,12/30/1899,16:10:00,3,2,487,-31.999667,115.48882,Yes,Yes,20150125,
2015,Armstrong Bay,Fished,Ricey Beach,none,265,none,1,1,102,12/30/1899,16:10:00,3,1,488,-31.999667,115.48882,Yes,Yes,20150125,
2015,Armstrong Bay,Fished,Ricey Beach,none,266,none,1,1,103,12/30/1899,16:10:00,4,1,489,-31.999667,115.48882,Yes,Yes,20150125,
2015,Armstrong Bay,Fished,Ricey Beach,none,267,none,1,1,104,12/30/1899,16:10:00,3,1,490,-31.999667,115.48882,Yes,Yes,20150125,
2015,Armstrong Bay,Fished,Ricey Beach,none,268,none,1,1,105,12/30/1899,16:10:00,3,1,491,-31.999667,115.48882,Yes,Yes,20150125,
2015,Armstrong Bay,Fished,Ricey Beach,none,269,none,1,1,106,12/30/1899,16:10:00,3,1,492,-31.999667,115.48882,Yes,Yes,20150125,
2015,Armstrong Bay,Fished,Ricey Beach,none,270,none,1,1,107,12/30/1899,16:10:00,2,2,493,-31.999667,115.48882,Yes,Yes,20150125,
2015,Armstrong Bay,Fished,Parakeet Bay,none,41,none,1,3,176,12/30/1899,9:00:00,1,3,494,-31.988916,115.5158,Yes,Yes,20150123,
2015,Armstrong Bay,Fished,Parakeet Bay,none,42,none,1,3,177,12/30/1899,9:00:00,2,3,495,-31.988916,115.5158,Yes,Yes,20150123,
2015,Armstrong Bay,Fished,Parakeet Bay,none,43,none,1,3,178,12/30/1899,9:00:00,1,2,496,-31.988916,115.5158,Yes,Yes,20150123,
2015,Armstrong Bay,Fished,Parakeet Bay,none,44,none,1,3,179,12/30/1899,9:00:00,1,2,497,-31.988916,115.5158,Yes,Yes,20150123,
2015,Armstrong Bay,Fished,Parakeet Bay,none,45,none,1,3,180,12/30/1899,9:00:00,1,3,498,-31.988916,115.5158,Yes,Yes,20150123,
2015,Armstrong Bay,Fished,Parakeet Bay,none,46,none,1,3,181,12/30/1899,9:00:00,4,3,499,-31.988916,115.5158,Yes,Yes,20150123,
2015,Armstrong Bay,Fished,Parakeet Bay,none,47,none,1,3,182,12/30/1899,9:00:00,4,3,500,-31.988916,115.5158,Yes,Yes,20150123,
2015,Armstrong Bay,Fished,Parakeet Bay,none,48,none,1,3,183,12/30/1899,9:00:00,3,3,501,-31.988916,115.5158,Yes,Yes,20150123,
2015,Armstrong Bay,Fished,Parakeet Bay,none,49,none,1,3,184,12/30/1899,9:00:00,0,0,502,-31.988916,115.5158,Yes,Yes,20150123,
2015,Armstrong Bay,Fished,Parakeet Bay,none,50,none,1,3,185,12/30/1899,9:00:00,3,2,503,-31.988916,115.5158,Yes,Yes,20150123,
2015,Armstrong Bay,Fished,Parakeet Bay,none,51,none,1,1,26,12/30/1899,9:00:00,1,2,504,-31.988916,115.5158,Yes,Yes,20150123,
2015,Armstrong Bay,Fished,Parakeet Bay,none,52,none,1,1,28,12/30/1899,9:00:00,1,2,505,-31.988916,115.5158,Yes,Yes,20150123,
2015,Armstrong Bay,Fished,Parakeet Bay,none,53,none,1,1,29,12/30/1899,9:00:00,3,1,506,-31.988916,115.5158,Yes,Yes,20150123,
2015,Armstrong Bay,Fished,Parakeet Bay,none,54,none,1,1,30,12/30/1899,9:00:00,2,2,507,-31.988916,115.5158,Yes,Yes,20150123,
2015,Armstrong Bay,Fished,Parakeet Bay,none,55,none,1,1,31,12/30/1899,9:00:00,2,3,508,-31.988916,115.5158,Yes,Yes,20150123,
2015,Armstrong Bay,Fished,Parakeet Bay,none,56,none,1,1,32,12/30/1899,9:00:00,1,1,509,-31.988916,115.5158,Yes,Yes,20150123,
2015,Armstrong Bay,Fished,Parakeet Bay,none,57,none,1,1,33,12/30/1899,9:00:00,0,2,510,-31.988916,115.5158,Yes,Yes,20150123,
2015,Armstrong Bay,Fished,Parakeet Bay,none,58,none,1,1,34,12/30/1899,9:00:00,1,3,511,-31.988916,115.5158,Yes,Yes,20150123,
2015,Armstrong Bay,Fished,Parakeet Bay,none,59,none,1,1,35,12/30/1899,9:00:00,1,2,512,-31.988916,115.5158,Yes,Yes,20150123,
2015,Armstrong Bay,Fished,Parakeet Bay,none,60,none,1,1,36,12/30/1899,9:00:00,3,2,513,-31.988916,115.5158,Yes,Yes,20150123,
2015,Armstrong Bay,Fished,Geordie Bay,none,61,none,1,2,955,12/30/1899,11:15:00,1,1,514,-31.988813,115.522852,Yes,Yes,20150123,
2015,Armstrong Bay,Fished,Geordie Bay,none,62,none,1,2,956,12/30/1899,11:15:00,3,2,515,-31.988813,115.522852,Yes,Yes,20150123,
2015,Armstrong Bay,Fished,Geordie Bay,none,63,none,1,2,957,12/30/1899,11:15:00,1,2,516,-31.988813,115.522852,Yes,Yes,20150123,
2015,Armstrong Bay,Fished,Geordie Bay,none,64,none,1,2,958,12/30/1899,11:15:00,1,2,517,-31.988813,115.522852,Yes,Yes,20150123,
2015,Armstrong Bay,Fished,Geordie Bay,none,65,none,1,2,959,12/30/1899,11:15:00,1,2,518,-31.988813,115.522852,Yes,Yes,20150123,
2015,Armstrong Bay,Fished,Geordie Bay,none,66,none,1,2,960,12/30/1899,11:15:00,2,2,519,-31.988813,115.522852,Yes,Yes,20150123,
2015,Armstrong Bay,Fished,Geordie Bay,none,67,none,1,2,961,12/30/1899,11:15:00,1,2,520,-31.988813,115.522852,Yes,Yes,20150123,
2015,Armstrong Bay,Fished,Geordie Bay,none,68,none,1,2,962,12/30/1899,11:15:00,1,2,521,-31.988813,115.522852,Yes,Yes,20150123,
2015,Armstrong Bay,Fished,Geordie Bay,none,69,none,1,2,963,12/30/1899,11:15:00,1,2,522,-31.988813,115.522852,Yes,Yes,20150123,
2015,Armstrong Bay,Fished,Geordie Bay,none,70,none,1,2,964,12/30/1899,11:15:00,1,2,523,-31.988813,115.522852,Yes,Yes,20150123,
2015,Armstrong Bay,Fished,Geordie Bay,none,71,none,1,3,187,12/30/1899,11:15:00,1,2,524,-31.988813,115.522852,Yes,Yes,20150123,
2015,Armstrong Bay,Fished,Geordie Bay,none,72,none,1,3,189,12/30/1899,11:15:00,1,3,525,-31.988813,115.522852,Yes,Yes,20150123,
2015,Armstrong Bay,Fished,Geordie Bay,none,73,none,1,3,190,12/30/1899,11:15:00,3,1,526,-31.988813,115.522852,Yes,Yes,20150123,
2015,Armstrong Bay,Fished,Geordie Bay,none,74,none,1,3,191,12/30/1899,11:15:00,3,3,527,-31.988813,115.522852,Yes,Yes,20150123,
2015,Armstrong Bay,Fished,Geordie Bay,none,75,none,1,3,192,12/30/1899,11:15:00,0,2,528,-31.988813,115.522852,Yes,Yes,20150123,
2015,Armstrong Bay,Fished,Geordie Bay,none,76,none,1,3,193,12/30/1899,11:15:00,3,3,529,-31.988813,115.522852,Yes,Yes,20150123,
2015,Armstrong Bay,Fished,Geordie Bay,none,77,none,1,3,194,12/30/1899,11:15:00,1,1,530,-31.988813,115.522852,Yes,Yes,20150123,
2015,Armstrong Bay,Fished,Geordie Bay,none,78,none,1,3,195,12/30/1899,11:15:00,0,2,531,-31.988813,115.522852,Yes,Yes,20150123,
2015,Armstrong Bay,Fished,Geordie Bay,none,79,none,1,3,196,12/30/1899,11:15:00,1,2,532,-31.988813,115.522852,Yes,Yes,20150123,
2015,Armstrong Bay,Fished,Geordie Bay,none,80,none,1,3,197,12/30/1899,11:15:00,0,1,533,-31.988813,115.522852,Yes,Yes,20150123,
2015,Armstrong Bay,Fished,Geordie Bay,none,81,none,1,1,37,12/30/1899,11:15:00,1,3,534,-31.988813,115.522852,Yes,Yes,20150123,
2015,Armstrong Bay,Fished,Geordie Bay,none,82,none,1,1,38,12/30/1899,11:15:00,1,2,535,-31.988813,115.522852,Yes,Yes,20150123,
2015,Armstrong Bay,Fished,Geordie Bay,none,83,none,1,1,39,12/30/1899,11:15:00,3,1,536,-31.988813,115.522852,Yes,Yes,20150123,
2015,Armstrong Bay,Fished,Geordie Bay,none,84,none,1,1,40,12/30/1899,11:15:00,3,1,537,-31.988813,115.522852,Yes,Yes,20150123,
2015,Armstrong Bay,Fished,Geordie Bay,none,85,none,1,1,41,12/30/1899,11:15:00,1,1,538,-31.988813,115.522852,Yes,Yes,20150123,
2015,Armstrong Bay,Fished,Geordie Bay,none,86,none,1,1,42,12/30/1899,11:15:00,1,1,539,-31.988813,115.522852,Yes,Yes,20150123,
2015,Armstrong Bay,Fished,Geordie Bay,none,87,none,1,1,43,12/30/1899,11:15:00,1,2,540,-31.988813,115.522852,Yes,Yes,20150123,
2015,Armstrong Bay,Fished,Geordie Bay,none,88,none,1,1,44,12/30/1899,11:15:00,1,2,541,-31.988813,115.522852,Yes,Yes,20150123,
2015,Armstrong Bay,Fished,Geordie Bay,none,89,none,1,1,45,12/30/1899,11:15:00,1,2,542,-31.988813,115.522852,Yes,Yes,20150123,
2015,Armstrong Bay,Fished,Geordie Bay,none,90,none,1,1,46,12/30/1899,11:15:00,4,1,543,-31.988813,115.522852,Yes,Yes,20150123,
2015,Armstrong Bay,Fished,Geordie Bay,none,91,none,1,3,198,12/30/1899,15:10:00,1,3,544,-31.988813,115.522852,Yes,Yes,20150123,
2015,Armstrong Bay,Fished,Geordie Bay,none,92,none,1,3,199,12/30/1899,15:10:00,2,2,545,-31.988813,115.522852,Yes,Yes,20150123,
2015,Armstrong Bay,Fished,Geordie Bay,none,93,none,1,3,200,12/30/1899,15:10:00,1,1,546,-31.988813,115.522852,Yes,Yes,20150123,
2015,Armstrong Bay,Fished,Geordie Bay,none,94,none,1,3,201,12/30/1899,15:10:00,1,2,547,-31.988813,115.522852,Yes,Yes,20150123,
2015,Armstrong Bay,Fished,Geordie Bay,none,95,none,1,3,202,12/30/1899,15:10:00,0,3,548,-31.988813,115.522852,Yes,Yes,20150123,
2015,Armstrong Bay,Fished,Geordie Bay,none,96,none,1,3,203,12/30/1899,15:10:00,3,0,549,-31.988813,115.522852,Yes,Yes,20150123,
2015,Armstrong Bay,Fished,Geordie Bay,none,97,none,1,3,204,12/30/1899,15:10:00,1,0,550,-31.988813,115.522852,Yes,Yes,20150123,
2015,Armstrong Bay,Fished,Geordie Bay,none,98,none,1,3,205,12/30/1899,15:10:00,4,2,551,-31.988813,115.522852,Yes,Yes,20150123,
2015,Armstrong Bay,Fished,Geordie Bay,none,99,none,1,3,206,12/30/1899,15:10:00,4,2,552,-31.988813,115.522852,Yes,Yes,20150123,
2015,Armstrong Bay,Fished,Geordie Bay,none,100,none,1,3,207,12/30/1899,15:10:00,4,2,553,-31.988813,115.522852,Yes,Yes,20150123,
2015,Parker Point,No-take,Salmon Bay,none,121,none,1,3,208,12/30/1899,8:40:00,1,3,554,-32.021726,115.520259,Yes,Yes,20150124,
2015,Parker Point,No-take,Salmon Bay,none,122,none,1,3,209,12/30/1899,8:40:00,1,3,555,-32.021726,115.520259,Yes,Yes,20150124,
2015,Parker Point,No-take,Salmon Bay,none,123,none,1,3,210,12/30/1899,8:40:00,1,3,556,-32.021726,115.520259,Yes,Yes,20150124,
2015,Parker Point,No-take,Salmon Bay,none,124,none,1,3,211,12/30/1899,8:40:00,3,3,557,-32.021726,115.520259,Yes,Yes,20150124,
2015,Parker Point,No-take,Salmon Bay,none,125,none,1,3,212,12/30/1899,8:40:00,1,2,558,-32.021726,115.520259,Yes,Yes,20150124,
2015,Parker Point,No-take,Salmon Bay,none,126,none,1,3,213,12/30/1899,8:40:00,0,3,559,-32.021726,115.520259,Yes,Yes,20150124,
2015,Parker Point,No-take,Salmon Bay,none,127,none,1,3,214,12/30/1899,8:40:00,4,2,560,-32.021726,115.520259,Yes,Yes,20150124,
2015,Parker Point,No-take,Salmon Bay,none,128,none,1,3,215,12/30/1899,8:40:00,1,2,561,-32.021726,115.520259,Yes,Yes,20150124,
2015,Parker Point,No-take,Salmon Bay,none,129,none,1,3,216,12/30/1899,8:40:00,1,1,562,-32.021726,115.520259,Yes,Yes,20150124,
2015,Parker Point,No-take,Salmon Bay,none,130,none,1,3,217,12/30/1899,8:40:00,0,1,563,-32.021726,115.520259,Yes,Yes,20150124,
2015,Parker Point,No-take,Salmon Bay,none,131,none,1,2,7,12/30/1899,8:45:00,1,2,564,-32.021726,115.520259,Yes,Yes,20150124,
2015,Parker Point,No-take,Salmon Bay,none,132,none,1,2,8,12/30/1899,8:45:00,1,2,565,-32.021726,115.520259,Yes,Yes,20150124,
2015,Parker Point,No-take,Salmon Bay,none,133,none,1,2,9,12/30/1899,8:45:00,2,2,566,-32.021726,115.520259,Yes,Yes,20150124,
2015,Parker Point,No-take,Salmon Bay,none,134,none,1,2,10,12/30/1899,8:45:00,2,1,567,-32.021726,115.520259,Yes,Yes,20150124,
2015,Parker Point,No-take,Salmon Bay,none,135,none,1,2,11,12/30/1899,8:45:00,1,1,568,-32.021726,115.520259,Yes,Yes,20150124,
2015,Parker Point,No-take,Salmon Bay,none,136,none,1,2,12,12/30/1899,8:45:00,1,1,569,-32.021726,115.520259,Yes,Yes,20150124,
2015,Parker Point,No-take,Salmon Bay,none,137,none,1,2,13,12/30/1899,8:45:00,3,3,570,-32.021726,115.520259,Yes,Yes,20150124,
2015,Parker Point,No-take,Salmon Bay,none,138,none,1,2,14,12/30/1899,8:45:00,0,1,571,-32.021726,115.520259,Yes,Yes,20150124,
2015,Parker Point,No-take,Salmon Bay,none,139,none,1,2,15,12/30/1899,8:45:00,3,1,572,-32.021726,115.520259,Yes,Yes,20150124,
2015,Parker Point,No-take,Salmon Bay,none,140,none,1,2,16,12/30/1899,8:45:00,1,2,573,-32.021726,115.520259,Yes,Yes,20150124,
2015,Parker Point,No-take,Salmon Bay,none,141,none,1,1,57,12/30/1899,8:40:00,3,1,574,-32.021726,115.520259,Yes,Yes,20150124,
2015,Parker Point,No-take,Salmon Bay,none,142,none,1,1,58,12/30/1899,8:40:00,3,1,575,-32.021726,115.520259,Yes,Yes,20150124,
2015,Parker Point,No-take,Salmon Bay,none,143,none,1,1,59,12/30/1899,8:40:00,2,1,576,-32.021726,115.520259,Yes,Yes,20150124,
2015,Parker Point,No-take,Salmon Bay,none,144,none,1,1,60,12/30/1899,8:40:00,1,1,577,-32.021726,115.520259,Yes,Yes,20150124,
2015,Parker Point,No-take,Salmon Bay,none,145,none,1,1,61,12/30/1899,8:40:00,2,1,578,-32.021726,115.520259,Yes,Yes,20150124,
2015,Parker Point,No-take,Salmon Bay,none,146,none,1,1,62,12/30/1899,8:40:00,1,1,579,-32.021726,115.520259,Yes,Yes,20150124,
2015,Parker Point,No-take,Salmon Bay,none,147,none,1,1,63,12/30/1899,8:40:00,3,1,580,-32.021726,115.520259,Yes,Yes,20150124,
2015,Parker Point,No-take,Salmon Bay,none,148,none,1,1,64,12/30/1899,8:40:00,1,1,581,-32.021726,115.520259,Yes,Yes,20150124,
2015,Parker Point,No-take,Salmon Bay,none,149,none,1,1,65,12/30/1899,8:40:00,1,1,582,-32.021726,115.520259,Yes,Yes,20150124,
2015,Parker Point,No-take,Salmon Bay,none,150,none,1,1,66,12/30/1899,8:40:00,3,1,583,-32.021726,115.520259,Yes,Yes,20150124,
2015,Green Island,No-take,Mary Cove,none,151,none,1,1,67,12/30/1899,9:30:00,1,4,584,-32.01857,115.491195,Yes,Yes,20150125,
2015,Green Island,No-take,Mary Cove,none,152,none,1,1,68,12/30/1899,9:30:00,3,1,585,-32.01857,115.491195,Yes,Yes,20150125,
2015,Green Island,No-take,Mary Cove,none,153,none,1,1,69,12/30/1899,9:30:00,1,2,586,-32.01857,115.491195,Yes,Yes,20150125,
2015,Green Island,No-take,Mary Cove,none,154,none,1,1,70,12/30/1899,9:30:00,1,1,587,-32.01857,115.491195,Yes,Yes,20150125,
2015,Green Island,No-take,Mary Cove,none,155,none,1,1,71,12/30/1899,9:30:00,3,1,588,-32.01857,115.491195,Yes,Yes,20150125,
2015,Green Island,No-take,Mary Cove,none,156,none,1,1,72,12/30/1899,9:30:00,1,2,589,-32.01857,115.491195,Yes,Yes,20150125,
2015,Green Island,No-take,Mary Cove,none,157,none,1,1,73,12/30/1899,9:30:00,1,2,590,-32.01857,115.491195,Yes,Yes,20150125,
2015,Green Island,No-take,Mary Cove,none,158,none,1,1,74,12/30/1899,9:30:00,3,2,591,-32.01857,115.491195,Yes,Yes,20150125,
2015,Green Island,No-take,Mary Cove,none,159,none,1,1,75,12/30/1899,9:30:00,4,2,592,-32.01857,115.491195,Yes,Yes,20150125,
2015,Green Island,No-take,Mary Cove,none,160,none,1,1,76,12/30/1899,9:30:00,3,1,593,-32.01857,115.491195,Yes,Yes,20150125,
2015,Green Island,No-take,Mary Cove,none,161,none,1,3,218,12/30/1899,9:27:00,1,3,594,-32.01857,115.491195,Yes,Yes,20150125,
2015,Green Island,No-take,Mary Cove,none,162,none,1,3,219,12/30/1899,9:27:00,3,3,595,-32.01857,115.491195,Yes,Yes,20150125,
2015,Green Island,No-take,Mary Cove,none,163,none,1,3,220,12/30/1899,9:27:00,4,3,596,-32.01857,115.491195,Yes,Yes,20150125,
2015,Green Island,No-take,Mary Cove,none,164,none,1,3,221,12/30/1899,9:27:00,1,2,597,-32.01857,115.491195,Yes,Yes,20150125,
2015,Green Island,No-take,Mary Cove,none,165,none,1,3,222,12/30/1899,9:27:00,3,3,598,-32.01857,115.491195,Yes,Yes,20150125,
2015,Green Island,No-take,Mary Cove,none,166,none,1,3,223,12/30/1899,9:27:00,1,3,599,-32.01857,115.491195,Yes,Yes,20150125,
2015,Green Island,No-take,Mary Cove,none,167,none,1,3,224,12/30/1899,9:27:00,3,3,600,-32.01857,115.491195,Yes,Yes,20150125,
2015,Green Island,No-take,Mary Cove,none,168,none,1,3,225,12/30/1899,9:27:00,1,1,601,-32.01857,115.491195,Yes,Yes,20150125,
2015,Green Island,No-take,Mary Cove,none,169,none,1,3,226,12/30/1899,9:27:00,0,1,602,-32.01857,115.491195,Yes,Yes,20150125,
2015,Green Island,No-take,Mary Cove,none,170,none,1,3,227,12/30/1899,9:27:00,1,1,603,-32.01857,115.491195,Yes,Yes,20150125,
2015,Green Island,No-take,Mary Cove,none,171,none,1,NCB1,19,12/30/1899,12:20:00,2,1,604,-32.01857,115.491195,Yes,Yes,20150125,
2015,Green Island,No-take,Mary Cove,none,172,none,1,NCB1,20,12/30/1899,12:20:00,2,2,605,-32.01857,115.491195,Yes,Yes,20150125,
2015,Green Island,No-take,Mary Cove,none,173,none,1,NCB1,21,12/30/1899,12:20:00,3,2,606,-32.01857,115.491195,Yes,Yes,20150125,
2015,Green Island,No-take,Mary Cove,none,174,none,1,NCB1,22,12/30/1899,12:20:00,3,2,607,-32.01857,115.491195,Yes,Yes,20150125,
2015,Green Island,No-take,Mary Cove,none,175,none,1,NCB1,23,12/30/1899,12:20:00,2,2,608,-32.01857,115.491195,Yes,Yes,20150125,
2015,Green Island,No-take,Mary Cove,none,176,none,1,NCB1,24,12/30/1899,12:20:00,1,2,609,-32.01857,115.491195,Yes,Yes,20150125,
2015,Green Island,No-take,Mary Cove,none,177,none,1,NCB1,25,12/30/1899,12:20:00,2,2,610,-32.01857,115.491195,Yes,Yes,20150125,
2015,Green Island,No-take,Mary Cove,none,178,none,1,NCB1,26,12/30/1899,12:20:00,3,2,611,-32.01857,115.491195,Yes,Yes,20150125,
2015,Green Island,No-take,Mary Cove,none,179,none,1,NCB1,27,12/30/1899,12:20:00,2,3,612,-32.01857,115.491195,Yes,Yes,20150125,
2015,Green Island,No-take,Mary Cove,none,180,none,1,NCB1,28,12/30/1899,12:20:00,1,2,613,-32.01857,115.491195,Yes,Yes,20150125,
2015,Green Island,Fished,Strickland Bay,none,271,none,1,1,69,12/30/1899,16:15:00,0,3,614,-32.017462,115.473186,Yes,Yes,20150127,
2015,Green Island,Fished,Strickland Bay,none,272,none,1,1,70,12/30/1899,16:15:00,3,1,615,-32.017462,115.473186,Yes,Yes,20150127,
2015,Green Island,Fished,Strickland Bay,none,273,none,1,1,72,12/30/1899,16:15:00,2,1,616,-32.017462,115.473186,Yes,Yes,20150127,
2015,Green Island,Fished,Strickland Bay,none,274,none,1,1,76,12/30/1899,16:15:00,2,2,617,-32.017462,115.473186,Yes,Yes,20150127,
2015,Green Island,Fished,Strickland Bay,none,275,none,1,1,77,12/30/1899,16:15:00,3,1,618,-32.017462,115.473186,Yes,Yes,20150127,
2015,Green Island,Fished,Strickland Bay,none,276,none,1,1,78,12/30/1899,16:15:00,2,2,619,-32.017462,115.473186,Yes,Yes,20150127,
2015,Green Island,Fished,Strickland Bay,none,277,none,1,1,82,12/30/1899,16:15:00,2,2,620,-32.017462,115.473186,Yes,Yes,20150127,
2015,Green Island,Fished,Strickland Bay,none,278,none,1,1,83,12/30/1899,16:15:00,2,2,621,-32.017462,115.473186,Yes,Yes,20150127,
2015,Green Island,Fished,Strickland Bay,none,279,none,1,1,84,12/30/1899,16:15:00,1,2,622,-32.017462,115.473186,Yes,Yes,20150127,
2015,Green Island,Fished,Strickland Bay,none,280,none,1,1,85,12/30/1899,16:15:00,1,3,623,-32.017462,115.473186,Yes,Yes,20150127,
2015,Green Island,No-take,Green Island,none,281,none,1,2,796,12/30/1899,16:15:00,0,2,624,-32.016548,115.499102,Yes,Yes,20150127,
2015,Green Island,No-take,Green Island,none,282,none,1,2,799,12/30/1899,16:15:00,2,2,625,-32.016548,115.499102,Yes,Yes,20150127,
2015,Green Island,No-take,Green Island,none,283,none,1,2,978,12/30/1899,16:15:00,1,2,626,-32.016548,115.499102,Yes,Yes,20150127,
2015,Green Island,No-take,Green Island,none,284,none,1,2,979,12/30/1899,16:15:00,4,2,627,-32.016548,115.499102,Yes,Yes,20150127,
2015,Green Island,No-take,Green Island,none,285,none,1,2,980,12/30/1899,16:15:00,0,2,628,-32.016548,115.499102,Yes,Yes,20150127,
2015,Green Island,No-take,Green Island,none,286,none,1,2,981,12/30/1899,16:15:00,3,2,629,-32.016548,115.499102,Yes,Yes,20150127,
2015,Green Island,No-take,Green Island,none,287,none,1,2,982,12/30/1899,16:15:00,3,1,630,-32.016548,115.499102,Yes,Yes,20150127,
2015,Green Island,No-take,Green Island,none,288,none,1,2,983,12/30/1899,16:15:00,2,2,631,-32.016548,115.499102,Yes,Yes,20150127,
2015,Green Island,No-take,Green Island,none,289,none,1,2,984,12/30/1899,16:15:00,2,2,632,-32.016548,115.499102,Yes,Yes,20150127,
2015,Green Island,No-take,Green Island,none,290,none,1,2,985,12/30/1899,16:15:00,2,2,633,-32.016548,115.499102,Yes,Yes,20150127,
2015,Green Island,No-take,Green Island,none,291,none,1,3,260,12/30/1899,16:15:00,3,3,634,-32.016548,115.499102,Yes,Yes,20150127,
2015,Green Island,No-take,Green Island,none,292,none,1,3,263,12/30/1899,16:15:00,4,3,635,-32.016548,115.499102,Yes,Yes,20150127,
2015,Green Island,No-take,Green Island,none,293,none,1,3,264,12/30/1899,16:15:00,3,2,636,-32.016548,115.499102,Yes,Yes,20150127,
2015,Green Island,No-take,Green Island,none,294,none,1,3,265,12/30/1899,16:15:00,1,1,637,-32.016548,115.499102,Yes,Yes,20150127,
2015,Green Island,No-take,Green Island,none,295,none,1,3,266,12/30/1899,16:15:00,1,2,638,-32.016548,115.499102,Yes,Yes,20150127,
2015,Green Island,No-take,Green Island,none,296,none,1,3,267,12/30/1899,16:15:00,1,2,639,-32.016548,115.499102,Yes,Yes,20150127,
2015,Green Island,No-take,Green Island,none,297,none,1,3,268,12/30/1899,16:15:00,3,2,640,-32.016548,115.499102,Yes,Yes,20150127,
2015,Green Island,No-take,Green Island,none,298,none,1,3,269,12/30/1899,16:15:00,3,2,641,-32.016548,115.499102,Yes,Yes,20150127,
2015,Green Island,No-take,Green Island,none,299,none,1,3,270,12/30/1899,16:15:00,2,1,642,-32.016548,115.499102,Yes,Yes,20150127,
2015,Green Island,No-take,Green Island,none,300,none,1,3,271,12/30/1899,16:15:00,1,1,643,-32.016548,115.499102,Yes,Yes,20150127,
2015,Green Island,Fished,Strickland Bay,none,181,none,1,3,229,12/30/1899,12:20:00,1,3,644,-32.017462,115.473186,Yes,Yes,20150125,
2015,Green Island,Fished,Strickland Bay,none,182,none,1,3,230,12/30/1899,12:20:00,3,3,645,-32.017462,115.473186,Yes,Yes,20150125,
2015,Green Island,Fished,Strickland Bay,none,183,none,1,3,231,12/30/1899,12:20:00,3,3,646,-32.017462,115.473186,Yes,Yes,20150125,
2015,Green Island,Fished,Strickland Bay,none,184,none,1,3,232,12/30/1899,12:20:00,1,3,647,-32.017462,115.473186,Yes,Yes,20150125,
2015,Green Island,Fished,Strickland Bay,none,185,none,1,3,233,12/30/1899,12:20:00,1,2,648,-32.017462,115.473186,Yes,Yes,20150125,
2015,Green Island,Fished,Strickland Bay,none,186,none,1,3,234,12/30/1899,12:20:00,3,3,649,-32.017462,115.473186,Yes,Yes,20150125,
2015,Green Island,Fished,Strickland Bay,none,187,none,1,3,235,12/30/1899,12:20:00,2,1,650,-32.017462,115.473186,Yes,Yes,20150125,
2015,Green Island,Fished,Strickland Bay,none,188,none,1,3,236,12/30/1899,12:20:00,1,3,651,-32.017462,115.473186,Yes,Yes,20150125,
2015,Green Island,Fished,Strickland Bay,none,189,none,1,3,237,12/30/1899,12:20:00,3,3,652,-32.017462,115.473186,Yes,Yes,20150125,
2015,Green Island,Fished,Strickland Bay,none,190,none,1,3,238,12/30/1899,12:20:00,1,3,653,-32.017462,115.473186,Yes,Yes,20150125,
2015,Green Island,Fished,Strickland Bay,none,191,none,1,1,78,12/30/1899,12:25:00,3,3,654,-32.017462,115.473186,Yes,Yes,20150125,
2015,Green Island,Fished,Strickland Bay,none,192,none,1,1,79,12/30/1899,12:25:00,1,3,655,-32.017462,115.473186,Yes,Yes,20150125,
2015,Green Island,Fished,Strickland Bay,none,193,none,1,1,80,12/30/1899,12:25:00,3,3,656,-32.017462,115.473186,Yes,Yes,20150125,
2015,Green Island,Fished,Strickland Bay,none,194,none,1,1,81,12/30/1899,12:25:00,3,3,657,-32.017462,115.473186,Yes,Yes,20150125,
2015,Green Island,Fished,Strickland Bay,none,195,none,1,1,82,12/30/1899,12:25:00,3,3,658,-32.017462,115.473186,Yes,Yes,20150125,
2015,Green Island,Fished,Strickland Bay,none,196,none,1,1,83,12/30/1899,12:25:00,1,3,659,-32.017462,115.473186,Yes,Yes,20150125,
2015,Green Island,Fished,Strickland Bay,none,197,none,1,1,84,12/30/1899,12:25:00,4,2,660,-32.017462,115.473186,Yes,Yes,20150125,
2015,Green Island,Fished,Strickland Bay,none,198,none,1,1,85,12/30/1899,12:25:00,3,2,661,-32.017462,115.473186,Yes,Yes,20150125,
2015,Green Island,Fished,Strickland Bay,none,199,none,1,1,86,12/30/1899,12:25:00,4,3,662,-32.017462,115.473186,Yes,Yes,20150125,
2015,Green Island,Fished,Strickland Bay,none,200,none,1,1,87,12/30/1899,12:25:00,3,2,663,-32.017462,115.473186,Yes,Yes,20150125,
2015,Green Island,Fished,Strickland Bay,none,201,none,1,NCB1,35,12/30/1899,12:20:00,3,1,664,-32.017462,115.473186,Yes,Yes,20150125,
2015,Green Island,Fished,Strickland Bay,none,202,none,1,NCB1,36,12/30/1899,12:20:00,3,1,665,-32.017462,115.473186,Yes,Yes,20150125,
2015,Green Island,Fished,Strickland Bay,none,203,none,1,NCB1,37,12/30/1899,12:20:00,3,3,666,-32.017462,115.473186,Yes,Yes,20150125,
2015,Green Island,Fished,Strickland Bay,none,204,none,1,NCB1,38,12/30/1899,12:20:00,1,3,667,-32.017462,115.473186,Yes,Yes,20150125,
2015,Green Island,Fished,Strickland Bay,none,205,none,1,NCB1,39,12/30/1899,12:20:00,3,1,668,-32.017462,115.473186,Yes,Yes,20150125,
2015,Green Island,Fished,Strickland Bay,none,206,none,1,NCB1,41,12/30/1899,12:20:00,3,2,669,-32.017462,115.473186,Yes,Yes,20150125,
2015,Green Island,Fished,Strickland Bay,none,207,none,1,NCB1,42,12/30/1899,12:20:00,3,3,670,-32.017462,115.473186,Yes,Yes,20150125,
2015,Green Island,Fished,Strickland Bay,none,208,none,1,NCB1,43,12/30/1899,12:20:00,2,2,671,-32.017462,115.473186,Yes,Yes,20150125,
2015,Green Island,Fished,Strickland Bay,none,209,none,1,NCB1,44,12/30/1899,12:20:00,3,2,672,-32.017462,115.473186,Yes,Yes,20150125,
2015,Green Island,Fished,Strickland Bay,none,210,none,1,NCB1,45,12/30/1899,12:20:00,3,3,673,-32.017462,115.473186,Yes,Yes,20150125,
2015,Parker Point,Fished,Fairbridge,none,331,none,1,3,275,12/30/1899,14:00:00,1,2,674,-32.016699,115.515372,Yes,Yes,20150128,
2015,Parker Point,Fished,Fairbridge,none,332,none,1,3,278,12/30/1899,14:00:00,1,2,675,-32.016699,115.515372,Yes,Yes,20150128,
2015,Parker Point,Fished,Fairbridge,none,333,none,1,3,280,12/30/1899,14:00:00,2,2,676,-32.016699,115.515372,Yes,Yes,20150128,
2015,Parker Point,Fished,Fairbridge,none,334,none,1,3,281,12/30/1899,14:00:00,1,2,677,-32.016699,115.515372,Yes,Yes,20150128,
2015,Parker Point,Fished,Fairbridge,none,335,none,1,3,282,12/30/1899,14:00:00,2,2,678,-32.016699,115.515372,Yes,Yes,20150128,
2015,Parker Point,Fished,Fairbridge,none,336,none,1,3,284,12/30/1899,14:00:00,2,1,679,-32.016699,115.515372,Yes,Yes,20150128,
2015,Parker Point,Fished,Fairbridge,none,337,none,1,3,285,12/30/1899,14:00:00,1,2,680,-32.016699,115.515372,Yes,Yes,20150128,
2015,Parker Point,Fished,Fairbridge,none,338,none,1,3,287,12/30/1899,14:00:00,2,1,681,-32.016699,115.515372,Yes,Yes,20150128,
2015,Parker Point,Fished,Fairbridge,none,339,none,1,3,288,12/30/1899,14:00:00,2,1,682,-32.016699,115.515372,Yes,Yes,20150128,
2015,Parker Point,Fished,Fairbridge,none,340,none,1,1,125,12/30/1899,14:00:00,1,1,683,-32.016699,115.515372,Yes,Yes,20150128,
2015,Parker Point,Fished,Fairbridge,none,341,none,1,1,126,12/30/1899,14:00:00,3,1,684,-32.016699,115.515372,Yes,Yes,20150128,
2015,Parker Point,Fished,Fairbridge,none,342,none,1,1,124,12/30/1899,14:00:00,3,2,685,-32.016699,115.515372,Yes,Yes,20150128,
2015,Parker Point,Fished,Fairbridge,none,343,none,1,1,127,12/30/1899,14:00:00,1,1,686,-32.016699,115.515372,Yes,Yes,20150128,
2015,Parker Point,Fished,Fairbridge,none,344,none,1,1,128,12/30/1899,14:00:00,1,1,687,-32.016699,115.515372,Yes,Yes,20150128,
2015,Parker Point,Fished,Fairbridge,none,345,none,1,1,129,12/30/1899,14:00:00,1,2,688,-32.016699,115.515372,Yes,Yes,20150128,
2015,Parker Point,Fished,Fairbridge,none,346,none,1,1,130,12/30/1899,14:00:00,3,1,689,-32.016699,115.515372,Yes,Yes,20150128,
2015,Parker Point,Fished,Fairbridge,none,347,none,1,1,131,12/30/1899,14:00:00,1,1,690,-32.016699,115.515372,Yes,Yes,20150128,
2015,Parker Point,Fished,Fairbridge,none,348,none,1,1,132,12/30/1899,14:00:00,1,1,691,-32.016699,115.515372,Yes,Yes,20150128,
2015,Parker Point,Fished,Fairbridge,none,349,none,1,1,133,12/30/1899,14:00:00,1,1,692,-32.016699,115.515372,Yes,Yes,20150128,
2015,Parker Point,Fished,Fairbridge,none,350,none,1,NCB1,97,12/30/1899,13:53:00,2,1,693,-32.016699,115.515372,Yes,Yes,20150128,
2015,Parker Point,Fished,Fairbridge,none,351,none,1,NCB1,98,12/30/1899,13:53:00,3,1,694,-32.016699,115.515372,Yes,Yes,20150128,
2015,Parker Point,Fished,Fairbridge,none,352,none,1,NCB1,99,12/30/1899,13:53:00,3,2,695,-32.016699,115.515372,Yes,Yes,20150128,
2015,Parker Point,Fished,Fairbridge,none,353,none,1,NCB1,100,12/30/1899,13:53:00,1,2,696,-32.016699,115.515372,Yes,Yes,20150128,
2015,Parker Point,Fished,Fairbridge,none,354,none,1,NCB1,101,12/30/1899,13:53:00,1,2,697,-32.016699,115.515372,Yes,Yes,20150128,
2015,Parker Point,Fished,Fairbridge,none,355,none,1,NCB1,102,12/30/1899,13:53:00,1,2,698,-32.016699,115.515372,Yes,Yes,20150128,
2015,Parker Point,Fished,Fairbridge,none,356,none,1,NCB1,103,12/30/1899,13:53:00,4,2,699,-32.016699,115.515372,Yes,Yes,20150128,
2015,Parker Point,Fished,Fairbridge,none,357,none,1,NCB1,104,12/30/1899,13:53:00,1,2,700,-32.016699,115.515372,Yes,Yes,20150128,
2015,Parker Point,Fished,Fairbridge,none,358,none,1,NCB1,105,12/30/1899,13:53:00,1,3,701,-32.016699,115.515372,Yes,Yes,20150128,
2015,Parker Point,Fished,Fairbridge,none,359,none,1,NCB1,107,12/30/1899,13:53:00,1,1,702,-32.016699,115.515372,Yes,Yes,20150128,
2015,Parker Point,No-take,Little Salmon,none,301,none,1,2,986,12/30/1899,11:40:00,3,1,703,-32.025352,115.52435,Yes,Yes,20150128,
2015,Parker Point,No-take,Little Salmon,none,302,none,1,2,987,12/30/1899,11:40:00,3,1,704,-32.025352,115.52435,Yes,Yes,20150128,
2015,Parker Point,No-take,Little Salmon,none,303,none,1,2,988,12/30/1899,11:40:00,2,2,705,-32.025352,115.52435,Yes,Yes,20150128,
2015,Parker Point,No-take,Little Salmon,none,304,none,1,2,989,12/30/1899,11:40:00,1,1,706,-32.025352,115.52435,Yes,Yes,20150128,
2015,Parker Point,No-take,Little Salmon,none,305,none,1,2,990,12/30/1899,11:40:00,1,1,707,-32.025352,115.52435,Yes,Yes,20150128,
2015,Parker Point,No-take,Little Salmon,none,306,none,1,2,991,12/30/1899,11:40:00,1,1,708,-32.025352,115.52435,Yes,Yes,20150128,
2015,Parker Point,No-take,Little Salmon,none,307,none,1,2,992,12/30/1899,11:40:00,3,1,709,-32.025352,115.52435,Yes,Yes,20150128,
2015,Parker Point,No-take,Little Salmon,none,308,none,1,2,993,12/30/1899,11:40:00,1,1,710,-32.025352,115.52435,Yes,Yes,20150128,
2015,Parker Point,No-take,Little Salmon,none,309,none,1,2,994,12/30/1899,11:40:00,3,1,711,-32.025352,115.52435,Yes,Yes,20150128,
2015,Parker Point,No-take,Little Salmon,none,310,none,1,2,995,12/30/1899,11:40:00,1,1,712,-32.025352,115.52435,Yes,Yes,20150128,
2015,Parker Point,No-take,Little Salmon,none,311,none,1,NC31,86,12/30/1899,11:45:00,3,1,713,-32.025352,115.52435,Yes,Yes,20150128,
2015,Parker Point,No-take,Little Salmon,none,312,none,1,NC31,87,12/30/1899,11:45:00,2,2,714,-32.025352,115.52435,Yes,Yes,20150128,
2015,Parker Point,No-take,Little Salmon,none,313,none,1,NC31,89,12/30/1899,11:45:00,3,1,715,-32.025352,115.52435,Yes,Yes,20150128,
2015,Parker Point,No-take,Little Salmon,none,314,none,1,NC31,90,12/30/1899,11:45:00,3,1,716,-32.025352,115.52435,Yes,Yes,20150128,
2015,Parker Point,No-take,Little Salmon,none,315,none,1,NC31,91,12/30/1899,11:45:00,3,2,717,-32.025352,115.52435,Yes,Yes,20150128,
2015,Parker Point,No-take,Little Salmon,none,316,none,1,NC31,92,12/30/1899,11:45:00,2,2,718,-32.025352,115.52435,Yes,Yes,20150128,
2015,Parker Point,No-take,Little Salmon,none,317,none,1,NC31,93,12/30/1899,11:45:00,3,2,719,-32.025352,115.52435,Yes,Yes,20150128,
2015,Parker Point,No-take,Little Salmon,none,318,none,1,NC31,94,12/30/1899,11:45:00,3,1,720,-32.025352,115.52435,Yes,Yes,20150128,
2015,Parker Point,No-take,Little Salmon,none,319,none,1,NC31,95,12/30/1899,11:45:00,3,2,721,-32.025352,115.52435,Yes,Yes,20150128,
2015,Parker Point,No-take,Little Salmon,none,320,none,1,NC31,96,12/30/1899,11:45:00,2,2,722,-32.025352,115.52435,Yes,Yes,20150128,
2015,Parker Point,No-take,Little Salmon,none,321,none,1,1,109,12/30/1899,11:45:00,3,1,723,-32.025352,115.52435,Yes,Yes,20150128,
2015,Parker Point,No-take,Little Salmon,none,322,none,1,1,110,12/30/1899,11:45:00,2,2,724,-32.025352,115.52435,Yes,Yes,20150128,
2015,Parker Point,No-take,Little Salmon,none,323,none,1,1,111,12/30/1899,11:45:00,1,2,725,-32.025352,115.52435,Yes,Yes,20150128,
2015,Parker Point,No-take,Little Salmon,none,324,none,1,1,112,12/30/1899,11:45:00,4,2,726,-32.025352,115.52435,Yes,Yes,20150128,
2015,Parker Point,No-take,Little Salmon,none,325,none,1,1,113,12/30/1899,11:45:00,2,1,727,-32.025352,115.52435,Yes,Yes,20150128,
2015,Parker Point,No-take,Little Salmon,none,326,none,1,1,115,12/30/1899,11:45:00,1,2,728,-32.025352,115.52435,Yes,Yes,20150128,
2015,Parker Point,No-take,Little Salmon,none,327,none,1,1,117,12/30/1899,11:45:00,3,2,729,-32.025352,115.52435,Yes,Yes,20150128,
2015,Parker Point,No-take,Little Salmon,none,328,none,1,1,119,12/30/1899,11:45:00,2,2,730,-32.025352,115.52435,Yes,Yes,20150128,
2015,Parker Point,No-take,Little Salmon,none,329,none,1,1,120,12/30/1899,11:45:00,2,3,731,-32.025352,115.52435,Yes,Yes,20150128,
2015,Parker Point,No-take,Little Salmon,none,330,none,1,1,121,12/30/1899,14:00:00,2,3,732,-32.025352,115.52435,Yes,Yes,20150128,
2015,Parker Point,No-take,Parker Point,none,420,none,1,NCB1,140,12/30/1899,15:30:00,2,2,733,-32.025693,115.529321,Yes,Yes,20150130,
2015,Parker Point,No-take,Parker Point,none,421,none,1,NCB1,141,12/30/1899,15:30:00,2,2,734,-32.025693,115.529321,Yes,Yes,20150130,
2015,Parker Point,No-take,Parker Point,none,422,none,1,NCB1,142,12/30/1899,15:30:00,2,1,735,-32.025693,115.529321,Yes,Yes,20150130,
2015,Parker Point,No-take,Parker Point,none,423,none,1,NCB1,143,12/30/1899,15:30:00,2,1,736,-32.025693,115.529321,Yes,Yes,20150130,
2015,Parker Point,No-take,Parker Point,none,424,none,1,NCB1,144,12/30/1899,15:30:00,1,1,737,-32.025693,115.529321,Yes,Yes,20150130,
2015,Parker Point,No-take,Parker Point,none,425,none,1,NCB1,145,12/30/1899,15:30:00,2,1,738,-32.025693,115.529321,Yes,Yes,20150130,
2015,Parker Point,No-take,Parker Point,none,426,none,1,NCB1,146,12/30/1899,15:30:00,1,1,739,-32.025693,115.529321,Yes,Yes,20150130,
2015,Parker Point,No-take,Parker Point,none,427,none,1,NCB1,147,12/30/1899,15:30:00,1,1,740,-32.025693,115.529321,Yes,Yes,20150130,
2015,Parker Point,No-take,Parker Point,none,428,none,1,NCB1,148,12/30/1899,15:30:00,2,2,741,-32.025693,115.529321,Yes,Yes,20150130,
2015,Parker Point,No-take,Parker Point,none,429,none,1,NCB1,150,12/30/1899,15:30:00,1,2,742,-32.025693,115.529321,Yes,Yes,20150130,
2015,Parker Point,No-take,Parker Point,none,430,none,1,3,301,12/30/1899,15:30:00,4,1,743,-32.025693,115.529321,Yes,Yes,20150130,
2015,Parker Point,No-take,Parker Point,none,431,none,1,3,303,12/30/1899,15:30:00,3,1,744,-32.025693,115.529321,Yes,Yes,20150130,
2015,Parker Point,No-take,Parker Point,none,432,none,1,3,304,12/30/1899,15:30:00,3,1,745,-32.025693,115.529321,Yes,Yes,20150130,
2015,Parker Point,No-take,Parker Point,none,433,none,1,3,305,12/30/1899,15:30:00,3,2,746,-32.025693,115.529321,Yes,Yes,20150130,
2015,Parker Point,No-take,Parker Point,none,434,none,1,3,307,12/30/1899,15:30:00,3,2,747,-32.025693,115.529321,Yes,Yes,20150130,
2015,Parker Point,No-take,Parker Point,none,435,none,1,3,308,12/30/1899,15:30:00,2,2,748,-32.025693,115.529321,Yes,Yes,20150130,
2015,Parker Point,No-take,Parker Point,none,436,none,1,3,309,12/30/1899,15:30:00,3,3,749,-32.025693,115.529321,Yes,Yes,20150130,
2015,Parker Point,No-take,Parker Point,none,437,none,1,3,310,12/30/1899,15:30:00,3,2,750,-32.025693,115.529321,Yes,Yes,20150130,
2015,Parker Point,No-take,Parker Point,none,438,none,1,3,311,12/30/1899,15:30:00,2,2,751,-32.025693,115.529321,Yes,Yes,20150130,
2015,Parker Point,No-take,Parker Point,none,439,none,1,3,312,12/30/1899,15:30:00,2,1,752,-32.025693,115.529321,Yes,Yes,20150130,
2015,Parker Point,No-take,Parker Point,none,440,none,1,1,156,12/30/1899,15:30:00,3,1,753,-32.025693,115.529321,Yes,Yes,20150130,
2015,Parker Point,No-take,Parker Point,none,441,none,1,1,157,12/30/1899,15:30:00,1,2,754,-32.025693,115.529321,Yes,Yes,20150130,
2015,Parker Point,No-take,Parker Point,none,442,none,1,1,158,12/30/1899,15:30:00,1,2,755,-32.025693,115.529321,Yes,Yes,20150130,
2015,Parker Point,No-take,Parker Point,none,443,none,1,1,159,12/30/1899,15:30:00,2,2,756,-32.025693,115.529321,Yes,Yes,20150130,
2015,Parker Point,No-take,Parker Point,none,444,none,1,1,160,12/30/1899,15:30:00,1,2,757,-32.025693,115.529321,Yes,Yes,20150130,
2015,Parker Point,No-take,Parker Point,none,445,none,1,1,161,12/30/1899,15:30:00,3,2,758,-32.025693,115.529321,Yes,Yes,20150130,
2015,Parker Point,No-take,Parker Point,none,446,none,1,1,162,12/30/1899,15:30:00,4,2,759,-32.025693,115.529321,Yes,Yes,20150130,
2015,Parker Point,No-take,Parker Point,none,447,none,1,1,163,12/30/1899,15:30:00,1,1,760,-32.025693,115.529321,Yes,Yes,20150130,
2015,Parker Point,No-take,Parker Point,none,448,none,1,1,164,12/30/1899,15:30:00,3,2,761,-32.025693,115.529321,Yes,Yes,20150130,
2015,Parker Point,No-take,Parker Point,none,449,none,1,1,165,12/30/1899,15:30:00,3,1,762,-32.025693,115.529321,Yes,Yes,20150130,
2015,Parker Point,Fished,Parker Point,none,390,none,1,NCB1,128,12/30/1899,12:35:00,1,1,763,-32.024125,115.53062,Yes,Yes,20150130,
2015,Parker Point,Fished,Parker Point,none,391,none,1,NCB1,129,12/30/1899,12:35:00,2,2,764,-32.024125,115.53062,Yes,Yes,20150130,
2015,Parker Point,Fished,Parker Point,none,392,none,1,NCB1,130,12/30/1899,12:35:00,2,2,765,-32.024125,115.53062,Yes,Yes,20150130,
2015,Parker Point,Fished,Parker Point,none,393,none,1,NCB1,131,12/30/1899,12:35:00,2,2,766,-32.024125,115.53062,Yes,Yes,20150130,
2015,Parker Point,Fished,Parker Point,none,394,none,1,NCB1,132,12/30/1899,12:35:00,2,2,767,-32.024125,115.53062,Yes,Yes,20150130,
2015,Parker Point,Fished,Parker Point,none,395,none,1,NCB1,133,12/30/1899,12:35:00,1,1,768,-32.024125,115.53062,Yes,Yes,20150130,
2015,Parker Point,Fished,Parker Point,none,396,none,1,NCB1,134,12/30/1899,12:35:00,2,2,769,-32.024125,115.53062,Yes,Yes,20150130,
2015,Parker Point,Fished,Parker Point,none,397,none,1,NCB1,135,12/30/1899,12:35:00,2,2,770,-32.024125,115.53062,Yes,Yes,20150130,
2015,Parker Point,Fished,Parker Point,none,398,none,1,NCB1,136,12/30/1899,12:35:00,1,2,771,-32.024125,115.53062,Yes,Yes,20150130,
2015,Parker Point,Fished,Parker Point,none,399,none,1,NCB1,137,12/30/1899,12:35:00,4,2,772,-32.024125,115.53062,Yes,Yes,20150130,
2015,Parker Point,Fished,Parker Point,none,400,none,1,1,145,12/30/1899,12:45:00,3,1,773,-32.024125,115.53062,Yes,Yes,20150130,
2015,Parker Point,Fished,Parker Point,none,401,none,1,1,147,12/30/1899,12:45:00,2,1,774,-32.024125,115.53062,Yes,Yes,20150130,
2015,Parker Point,Fished,Parker Point,none,402,none,1,1,148,12/30/1899,12:45:00,1,1,775,-32.024125,115.53062,Yes,Yes,20150130,
2015,Parker Point,Fished,Parker Point,none,403,none,1,1,149,12/30/1899,12:45:00,2,1,776,-32.024125,115.53062,Yes,Yes,20150130,
2015,Parker Point,Fished,Parker Point,none,404,none,1,1,150,12/30/1899,12:45:00,3,2,777,-32.024125,115.53062,Yes,Yes,20150130,
2015,Parker Point,Fished,Parker Point,none,405,none,1,1,151,12/30/1899,12:45:00,3,1,778,-32.024125,115.53062,Yes,Yes,20150130,
2015,Parker Point,Fished,Parker Point,none,406,none,1,1,152,12/30/1899,12:45:00,3,1,779,-32.024125,115.53062,Yes,Yes,20150130,
2015,Parker Point,Fished,Parker Point,none,407,none,1,1,153,12/30/1899,12:45:00,1,2,780,-32.024125,115.53062,Yes,Yes,20150130,
2015,Parker Point,Fished,Parker Point,none,408,none,1,1,154,12/30/1899,12:45:00,1,2,781,-32.024125,115.53062,Yes,Yes,20150130,
2015,Parker Point,Fished,Parker Point,none,409,none,1,1,155,12/30/1899,12:45:00,1,1,782,-32.024125,115.53062,Yes,Yes,20150130,
2015,Parker Point,Fished,Parker Point,none,410,none,1,3,289,12/30/1899,13:00:00,1,2,783,-32.024125,115.53062,Yes,Yes,20150130,
2015,Parker Point,Fished,Parker Point,none,411,none,1,3,290,12/30/1899,13:00:00,3,1,784,-32.024125,115.53062,Yes,Yes,20150130,
2015,Parker Point,Fished,Parker Point,none,412,none,1,3,291,12/30/1899,13:00:00,3,2,785,-32.024125,115.53062,Yes,Yes,20150130,
2015,Parker Point,Fished,Parker Point,none,413,none,1,3,292,12/30/1899,13:00:00,2,2,786,-32.024125,115.53062,Yes,Yes,20150130,
2015,Parker Point,Fished,Parker Point,none,414,none,1,3,293,12/30/1899,13:00:00,3,2,787,-32.024125,115.53062,Yes,Yes,20150130,
2015,Parker Point,Fished,Parker Point,none,415,none,1,3,293,12/30/1899,13:00:00,2,1,788,-32.024125,115.53062,Yes,Yes,20150130,
2015,Parker Point,Fished,Parker Point,none,416,none,1,3,295,12/30/1899,13:00:00,2,1,789,-32.024125,115.53062,Yes,Yes,20150130,
2015,Parker Point,Fished,Parker Point,none,417,none,1,3,296,12/30/1899,13:00:00,2,2,790,-32.024125,115.53062,Yes,Yes,20150130,
2015,Parker Point,Fished,Parker Point,none,418,none,1,3,298,12/30/1899,13:00:00,3,2,791,-32.024125,115.53062,Yes,Yes,20150130,
2015,Parker Point,Fished,Parker Point,none,419,none,1,3,299,12/30/1899,13:00:00,2,1,792,-32.024125,115.53062,Yes,Yes,20150130,
2015,Green Island,Fished,West Salmon,none,503,none,1,1,179,12/30/1899,14:00:00,1,2,793,-32.014351,115.50276,Yes,Yes,20150131,
2015,Green Island,Fished,West Salmon,none,504,none,1,1,180,12/30/1899,14:00:00,2,2,794,-32.014351,115.50276,Yes,Yes,20150131,
2015,Green Island,Fished,West Salmon,none,505,none,1,1,181,12/30/1899,14:00:00,2,1,795,-32.014351,115.50276,Yes,Yes,20150131,
2015,Green Island,Fished,West Salmon,none,506,none,1,1,182,12/30/1899,14:00:00,1,1,796,-32.014351,115.50276,Yes,Yes,20150131,
2015,Green Island,Fished,West Salmon,none,507,none,1,1,183,12/30/1899,14:00:00,3,2,797,-32.014351,115.50276,Yes,Yes,20150131,
2015,Green Island,Fished,West Salmon,none,508,none,1,1,185,12/30/1899,14:00:00,1,2,798,-32.014351,115.50276,Yes,Yes,20150131,
2015,Green Island,Fished,West Salmon,none,509,none,1,1,186,12/30/1899,14:00:00,3,2,799,-32.014351,115.50276,Yes,Yes,20150131,
2015,Green Island,Fished,West Salmon,none,510,none,1,1,187,12/30/1899,14:00:00,2,2,800,-32.014351,115.50276,Yes,Yes,20150131,
2015,Green Island,Fished,West Salmon,none,511,none,1,1,188,12/30/1899,14:00:00,1,2,801,-32.014351,115.50276,Yes,Yes,20150131,
2015,Green Island,Fished,West Salmon,none,512,none,1,1,189,12/30/1899,14:00:00,1,2,802,-32.014351,115.50276,Yes,Yes,20150131,
2015,Green Island,Fished,West Salmon,none,490,none,1,NCB1,171,12/30/1899,13:59:00,1,2,803,-32.014351,115.50276,Yes,Yes,20150131,
2015,Green Island,Fished,West Salmon,none,491,none,1,NCB1,172,12/30/1899,13:59:00,1,2,804,-32.014351,115.50276,Yes,Yes,20150131,
2015,Green Island,Fished,West Salmon,none,492,none,1,NCB1,173,12/30/1899,13:59:00,1,2,805,-32.014351,115.50276,Yes,Yes,20150131,
2015,Green Island,Fished,West Salmon,none,493,none,1,3,325,12/30/1899,14:05:00,3,2,806,-32.014351,115.50276,Yes,Yes,20150131,
2015,Green Island,Fished,West Salmon,none,494,none,1,3,326,12/30/1899,14:05:00,1,3,807,-32.014351,115.50276,Yes,Yes,20150131,
2015,Green Island,Fished,West Salmon,none,495,none,1,3,327,12/30/1899,14:05:00,2,3,808,-32.014351,115.50276,Yes,Yes,20150131,
2015,Green Island,Fished,West Salmon,none,496,none,1,3,328,12/30/1899,14:05:00,2,3,809,-32.014351,115.50276,Yes,Yes,20150131,
2015,Green Island,Fished,West Salmon,none,497,none,1,3,329,12/30/1899,14:05:00,1,3,810,-32.014351,115.50276,Yes,Yes,20150131,
2015,Green Island,Fished,West Salmon,none,498,none,1,3,330,12/30/1899,14:05:00,4,2,811,-32.014351,115.50276,Yes,Yes,20150131,
2015,Green Island,Fished,West Salmon,none,499,none,1,3,331,12/30/1899,14:05:00,3,2,812,-32.014351,115.50276,Yes,Yes,20150131,
2015,Green Island,Fished,West Salmon,none,500,none,1,3,332,12/30/1899,14:05:00,2,1,813,-32.014351,115.50276,Yes,Yes,20150131,
2015,Green Island,Fished,West Salmon,none,501,none,1,3,335,12/30/1899,14:05:00,2,1,814,-32.014351,115.50276,Yes,Yes,20150131,
2015,Green Island,Fished,West Salmon,none,502,none,1,3,337,12/30/1899,14:05:00,1,3,815,-32.014351,115.50276,Yes,Yes,20150131,
