Year,Sanctuary,Status,Site,Observer,Replicate,Depth,Time,Complexity,Algal.cover,Sample,Latitude,Longitude,Successful.count,Successful.length,Date,Location
2018,Green Island,No-take,Mary Cove,AHBMMMDL,1,1,12:00:00,3,3,1866,-32.01857,115.491195,Yes,Yes,20180120,
2018,Green Island,No-take,Mary Cove,AHBMMMDL,2,1,12:00:00,4,3,1867,-32.01857,115.491195,Yes,Yes,20180120,
2018,Green Island,No-take,Mary Cove,AHBMMMDL,3,1,12:00:00,4,2,1868,-32.01857,115.491195,Yes,Yes,20180120,
2018,Green Island,No-take,Mary Cove,AHBMMMDL,4,1,12:00:00,2,2,1869,-32.01857,115.491195,Yes,Yes,20180120,
2018,Green Island,No-take,Mary Cove,AHBMMMDL,5,1,12:00:00,1,3,1870,-32.01857,115.491195,Yes,Yes,20180120,
2018,Green Island,No-take,Mary Cove,AHBMMMDL,6,1,12:00:00,2,3,1871,-32.01857,115.491195,Yes,Yes,20180120,
2018,Green Island,No-take,Mary Cove,AHBMMMDL,7,1,12:00:00,1,3,1872,-32.01857,115.491195,Yes,Yes,20180120,
2018,Green Island,No-take,Mary Cove,AHBMMMDL,8,1,12:00:00,3,1,1873,-32.01857,115.491195,Yes,Yes,20180120,
2018,Green Island,No-take,Mary Cove,AHBMMMDL,9,1,12:00:00,4,3,1874,-32.01857,115.491195,Yes,Yes,20180120,
2018,Green Island,No-take,Mary Cove,AHBMMMDL,10,1,12:00:00,2,1,1875,-32.01857,115.491195,Yes,Yes,20180120,
2018,Armstrong Bay,Fished,City of York,CCHSCLSS,1,1,12:00:00,0,2,1876,-31.994655,115.495719,Yes,Yes,20180120,
2018,Armstrong Bay,Fished,City of York,CCHSCLSS,2,1,12:00:00,1,1,1877,-31.994655,115.495719,Yes,Yes,20180120,
2018,Armstrong Bay,Fished,City of York,CCHSCLSS,3,1,12:00:00,1,2,1878,-31.994655,115.495719,Yes,Yes,20180120,
2018,Armstrong Bay,Fished,City of York,CCHSCLSS,4,1,12:00:00,2,1,1879,-31.994655,115.495719,Yes,Yes,20180120,
2018,Armstrong Bay,Fished,City of York,CCHSCLSS,5,1,12:00:00,1,1,1880,-31.994655,115.495719,Yes,Yes,20180120,
2018,Armstrong Bay,Fished,City of York,CCHSCLSS,6,1,12:00:00,2,2,1881,-31.994655,115.495719,Yes,Yes,20180120,
2018,Armstrong Bay,Fished,City of York,CCHSCLSS,7,1,12:00:00,2,1,1882,-31.994655,115.495719,Yes,Yes,20180120,
2018,Armstrong Bay,Fished,City of York,CCHSCLSS,8,1,12:00:00,4,1,1883,-31.994655,115.495719,Yes,Yes,20180120,
2018,Armstrong Bay,Fished,City of York,CCHSCLSS,9,1,12:00:00,3,3,1884,-31.994655,115.495719,Yes,Yes,20180120,
2018,Armstrong Bay,Fished,City of York,MMAHBMDL,1,1,12:00:00,4,1,1885,-31.994655,115.495719,Yes,Yes,20180120,
2018,Armstrong Bay,Fished,City of York,MMAHBMDL,2,1,12:00:00,2,1,1886,-31.994655,115.495719,Yes,Yes,20180120,
2018,Armstrong Bay,Fished,City of York,MMAHBMDL,3,1,12:00:00,4,3,1887,-31.994655,115.495719,Yes,Yes,20180120,
2018,Armstrong Bay,Fished,City of York,MMAHBMDL,4,1,12:00:00,4,1,1888,-31.994655,115.495719,Yes,Yes,20180120,
2018,Armstrong Bay,Fished,City of York,MMAHBMDL,5,1,12:00:00,4,3,1889,-31.994655,115.495719,Yes,Yes,20180120,
2018,Armstrong Bay,Fished,City of York,MMAHBMDL,6,1,12:00:00,1,1,1890,-31.994655,115.495719,Yes,Yes,20180120,
2018,Armstrong Bay,Fished,City of York,MMAHBMDL,7,1,12:00:00,4,1,1891,-31.994655,115.495719,Yes,Yes,20180120,
2018,Armstrong Bay,Fished,City of York,MMAHBMDL,8,1,12:00:00,4,3,1892,-31.994655,115.495719,Yes,Yes,20180120,
2018,Armstrong Bay,Fished,City of York,MMAHBMDL,9,1,12:00:00,4,3,1893,-31.994655,115.495719,Yes,Yes,20180120,
2018,Armstrong Bay,Fished,City of York,TWSHAJ,1,1,12:00:00,3,3,1894,-31.994655,115.495719,Yes,Yes,20180120,
2018,Armstrong Bay,Fished,City of York,TWSHAJ,2,1,12:00:00,4,3,1895,-31.994655,115.495719,Yes,Yes,20180120,
2018,Armstrong Bay,Fished,City of York,TWSHAJ,3,1,12:00:00,4,3,1896,-31.994655,115.495719,Yes,Yes,20180120,
2018,Armstrong Bay,Fished,City of York,TWSHAJ,4,1,12:00:00,3,3,1897,-31.994655,115.495719,Yes,Yes,20180120,
2018,Armstrong Bay,Fished,City of York,TWSHAJ,5,1,12:00:00,2,3,1898,-31.994655,115.495719,Yes,Yes,20180120,
2018,Armstrong Bay,Fished,City of York,TWSHAJ,6,1,12:00:00,2,2,1899,-31.994655,115.495719,Yes,Yes,20180120,
2018,Armstrong Bay,Fished,City of York,TWSHAJ,7,1,12:00:00,4,1,1900,-31.994655,115.495719,Yes,Yes,20180120,
2018,Armstrong Bay,Fished,City of York,TWSHAJ,8,1,12:00:00,2,3,1901,-31.994655,115.495719,Yes,Yes,20180120,
2018,Armstrong Bay,Fished,City of York,TWSHAJ,9,1,12:00:00,2,1,1902,-31.994655,115.495719,Yes,Yes,20180120,
2018,Armstrong Bay,Fished,City of York,TWSHAJ,10,1,12:00:00,2,1,1903,-31.994655,115.495719,Yes,Yes,20180120,
2018,Green Island,No-take,Mary Cove,TWSHAJ,1,1,12:00:00,2,1,1904,-32.01857,115.491195,Yes,Yes,20180120,
2018,Green Island,No-take,Mary Cove,TWSHAJ,2,1,12:00:00,3,1,1905,-32.01857,115.491195,Yes,Yes,20180120,
2018,Green Island,No-take,Mary Cove,TWSHAJ,3,1,12:00:00,4,3,1906,-32.01857,115.491195,Yes,Yes,20180120,
2018,Green Island,No-take,Mary Cove,TWSHAJ,4,1,12:00:00,4,3,1907,-32.01857,115.491195,Yes,Yes,20180120,
2018,Green Island,No-take,Mary Cove,TWSHAJ,5,1,12:00:00,4,3,1908,-32.01857,115.491195,Yes,Yes,20180120,
2018,Green Island,No-take,Mary Cove,TWSHAJ,6,1,12:00:00,4,3,1909,-32.01857,115.491195,Yes,Yes,20180120,
2018,Green Island,No-take,Mary Cove,TWSHAJ,7,1,12:00:00,3,3,1910,-32.01857,115.491195,Yes,Yes,20180120,
2018,Green Island,No-take,Mary Cove,TWSHAJ,8,1,12:00:00,3,3,1911,-32.01857,115.491195,Yes,Yes,20180120,
2018,Green Island,No-take,Mary Cove,TWSHAJ,9,1,12:00:00,3,3,1912,-32.01857,115.491195,Yes,Yes,20180120,
2018,Green Island,No-take,Mary Cove,TWSHAJ,10,1,12:00:00,4,1,1913,-32.01857,115.491195,Yes,Yes,20180120,
2018,Green Island,No-take,Mary Cove,CCHSCLSS,1,1,12:00:00,1,2,1914,-32.01857,115.491195,Yes,Yes,20180120,
2018,Green Island,No-take,Mary Cove,CCHSCLSS,2,1,12:00:00,2,3,1915,-32.01857,115.491195,Yes,Yes,20180120,
2018,Green Island,No-take,Mary Cove,CCHSCLSS,3,1,12:00:00,4,3,1916,-32.01857,115.491195,Yes,Yes,20180120,
2018,Green Island,No-take,Mary Cove,CCHSCLSS,4,1,12:00:00,2,3,1917,-32.01857,115.491195,Yes,Yes,20180120,
2018,Green Island,No-take,Mary Cove,CCHSCLSS,5,1,12:00:00,3,3,1918,-32.01857,115.491195,Yes,Yes,20180120,
2018,Green Island,No-take,Mary Cove,CCHSCLSS,6,1,12:00:00,2,3,1919,-32.01857,115.491195,Yes,Yes,20180120,
2018,Green Island,No-take,Mary Cove,CCHSCLSS,7,1,12:00:00,1,2,1920,-32.01857,115.491195,Yes,Yes,20180120,
2018,Green Island,No-take,Mary Cove,CCHSCLSS,8,1,12:00:00,3,2,1921,-32.01857,115.491195,Yes,Yes,20180120,
2018,Green Island,No-take,Mary Cove,CCHSCLSS,9,1,12:00:00,3,2,1922,-32.01857,115.491195,Yes,Yes,20180120,
2018,Green Island,No-take,Mary Cove,CCHSCLSS,10,1,12:00:00,1,1,1923,-32.01857,115.491195,Yes,Yes,20180120,
2018,Parker Point,No-take,Salmon Bay,HZ,1,1,12:00:00,4,1,1924,-32.021726,115.520259,Yes,Yes,20180121,
2018,Parker Point,No-take,Salmon Bay,HZ,2,1,12:00:00,4,3,1925,-32.021726,115.520259,Yes,Yes,20180121,
2018,Parker Point,No-take,Salmon Bay,HZ,3,1,12:00:00,4,1,1926,-32.021726,115.520259,Yes,Yes,20180121,
2018,Parker Point,No-take,Salmon Bay,HZ,4,1,12:00:00,3,2,1927,-32.021726,115.520259,Yes,Yes,20180121,
2018,Parker Point,No-take,Salmon Bay,HZ,5,1,12:00:00,3,2,1928,-32.021726,115.520259,Yes,Yes,20180121,
2018,Parker Point,No-take,Salmon Bay,HZ,6,1,12:00:00,3,2,1929,-32.021726,115.520259,Yes,Yes,20180121,
2018,Parker Point,No-take,Salmon Bay,HZ,7,1,12:00:00,4,2,1930,-32.021726,115.520259,Yes,Yes,20180121,
2018,Parker Point,No-take,Salmon Bay,HZ,8,1,12:00:00,3,2,1931,-32.021726,115.520259,Yes,Yes,20180121,
2018,Parker Point,No-take,Salmon Bay,HZ,9,1,12:00:00,1,3,1932,-32.021726,115.520259,Yes,Yes,20180121,
2018,Parker Point,No-take,Salmon Bay,HZ,10,1,12:00:00,2,3,1933,-32.021726,115.520259,Yes,Yes,20180121,
2018,Parker Point,No-take,Salmon Bay,HZ,11,1,12:00:00,4,3,1934,-32.021726,115.520259,Yes,Yes,20180121,
2018,Parker Point,No-take,Salmon Bay,MMBMAH,1,1,12:00:00,4,1,1935,-32.021726,115.520259,Yes,Yes,20180121,
2018,Parker Point,No-take,Salmon Bay,MMBMAH,2,1,12:00:00,3,3,1936,-32.021726,115.520259,Yes,Yes,20180121,
2018,Parker Point,No-take,Salmon Bay,MMBMAH,3,1,12:00:00,2,3,1937,-32.021726,115.520259,Yes,Yes,20180121,
2018,Parker Point,No-take,Salmon Bay,MMBMAH,4,1,12:00:00,2,3,1938,-32.021726,115.520259,Yes,Yes,20180121,
2018,Parker Point,No-take,Salmon Bay,MMBMAH,5,1,12:00:00,2,3,1939,-32.021726,115.520259,Yes,Yes,20180121,
2018,Parker Point,No-take,Salmon Bay,MMBMAH,6,1,12:00:00,4,1,1940,-32.021726,115.520259,Yes,Yes,20180121,
2018,Parker Point,No-take,Salmon Bay,MMBMAH,7,1,12:00:00,2,3,1941,-32.021726,115.520259,Yes,Yes,20180121,
2018,Parker Point,No-take,Salmon Bay,MMBMAH,8,1,12:00:00,2,3,1942,-32.021726,115.520259,Yes,Yes,20180121,
2018,Parker Point,No-take,Salmon Bay,MMBMAH,9,1,12:00:00,4,3,1943,-32.021726,115.520259,Yes,Yes,20180121,
2018,Parker Point,No-take,Salmon Bay,MMBMAH,10,1,12:00:00,4,1,1944,-32.021726,115.520259,Yes,Yes,20180121,
2018,Parker Point,No-take,Salmon Bay,AJSHTW,1,1,12:00:00,4,3,1945,-32.021726,115.520259,Yes,Yes,20180121,
2018,Parker Point,No-take,Salmon Bay,AJSHTW,2,1,12:00:00,4,3,1946,-32.021726,115.520259,Yes,Yes,20180121,
2018,Parker Point,No-take,Salmon Bay,AJSHTW,3,1,12:00:00,3,3,1947,-32.021726,115.520259,Yes,Yes,20180121,
2018,Parker Point,No-take,Salmon Bay,AJSHTW,4,1,12:00:00,4,3,1948,-32.021726,115.520259,Yes,Yes,20180121,
2018,Parker Point,No-take,Salmon Bay,AJSHTW,5,1,12:00:00,4,3,1949,-32.021726,115.520259,Yes,Yes,20180121,
2018,Parker Point,No-take,Salmon Bay,AJSHTW,6,1,12:00:00,4,3,1950,-32.021726,115.520259,Yes,Yes,20180121,
2018,Parker Point,No-take,Salmon Bay,AJSHTW,7,1,12:00:00,4,3,1951,-32.021726,115.520259,Yes,Yes,20180121,
2018,Parker Point,No-take,Salmon Bay,AJSHTW,8,1,12:00:00,2,3,1952,-32.021726,115.520259,Yes,Yes,20180121,
2018,Parker Point,No-take,Salmon Bay,AJSHTW,9,1,12:00:00,4,3,1953,-32.021726,115.520259,Yes,Yes,20180121,
2018,Armstrong Bay,No-take,Little Armstrong,AJSHTW,1,1,12:00:00,3,3,1954,-31.990553,115.505975,Yes,Yes,20180121,
2018,Armstrong Bay,No-take,Little Armstrong,AJSHTW,2,1,12:00:00,3,1,1955,-31.990553,115.505975,Yes,Yes,20180121,
2018,Armstrong Bay,No-take,Little Armstrong,AJSHTW,3,1,12:00:00,3,3,1956,-31.990553,115.505975,Yes,Yes,20180121,
2018,Armstrong Bay,No-take,Little Armstrong,AJSHTW,4,1,12:00:00,2,3,1957,-31.990553,115.505975,Yes,Yes,20180121,
2018,Armstrong Bay,No-take,Little Armstrong,AJSHTW,5,1,12:00:00,3,3,1958,-31.990553,115.505975,Yes,Yes,20180121,
2018,Armstrong Bay,No-take,Little Armstrong,AJSHTW,6,1,12:00:00,3,3,1959,-31.990553,115.505975,Yes,Yes,20180121,
2018,Armstrong Bay,No-take,Little Armstrong,AJSHTW,7,1,12:00:00,3,1,1960,-31.990553,115.505975,Yes,Yes,20180121,
2018,Armstrong Bay,No-take,Little Armstrong,AJSHTW,8,1,12:00:00,3,1,1961,-31.990553,115.505975,Yes,Yes,20180121,
2018,Armstrong Bay,No-take,Little Armstrong,AJSHTW,9,1,12:00:00,3,3,1962,-31.990553,115.505975,Yes,Yes,20180121,
2018,Armstrong Bay,No-take,Little Armstrong,AJSHTW,10,1,12:00:00,4,3,1963,-31.990553,115.505975,Yes,Yes,20180121,
2018,Armstrong Bay,No-take,Little Armstrong,MMAHBM,1,1,12:00:00,3,1,1964,-31.990553,115.505975,Yes,Yes,20180121,
2018,Armstrong Bay,No-take,Little Armstrong,MMAHBM,2,1,12:00:00,2,1,1965,-31.990553,115.505975,Yes,Yes,20180121,
2018,Armstrong Bay,No-take,Little Armstrong,MMAHBM,3,1,12:00:00,3,3,1966,-31.990553,115.505975,Yes,Yes,20180121,
2018,Armstrong Bay,No-take,Little Armstrong,MMAHBM,4,1,12:00:00,3,3,1967,-31.990553,115.505975,Yes,Yes,20180121,
2018,Armstrong Bay,No-take,Little Armstrong,MMAHBM,5,1,12:00:00,4,1,1968,-31.990553,115.505975,Yes,Yes,20180121,
2018,Armstrong Bay,No-take,Little Armstrong,MMAHBM,6,1,12:00:00,4,3,1969,-31.990553,115.505975,Yes,Yes,20180121,
2018,Armstrong Bay,No-take,Little Armstrong,MMAHBM,7,1,12:00:00,3,3,1970,-31.990553,115.505975,Yes,Yes,20180121,
2018,Armstrong Bay,No-take,Little Armstrong,MMAHBM,8,1,12:00:00,3,3,1971,-31.990553,115.505975,Yes,Yes,20180121,
2018,Armstrong Bay,No-take,Little Armstrong,MMAHBM,9,1,12:00:00,1,2,1972,-31.990553,115.505975,Yes,Yes,20180121,
2018,Armstrong Bay,No-take,Little Armstrong,MMAHBM,10,1,12:00:00,0,3,1973,-31.990553,115.505975,Yes,Yes,20180121,
2018,Armstrong Bay,No-take,Little Armstrong,HZ,1,1,12:00:00,3,2,1974,-31.990553,115.505975,Yes,Yes,20180121,
2018,Armstrong Bay,No-take,Little Armstrong,HZ,2,1,12:00:00,4,1,1975,-31.990553,115.505975,Yes,Yes,20180121,
2018,Armstrong Bay,No-take,Little Armstrong,HZ,3,1,12:00:00,4,3,1976,-31.990553,115.505975,Yes,Yes,20180121,
2018,Armstrong Bay,No-take,Little Armstrong,HZ,4,1,12:00:00,3,2,1977,-31.990553,115.505975,Yes,Yes,20180121,
2018,Armstrong Bay,No-take,Little Armstrong,HZ,5,1,12:00:00,0,2,1978,-31.990553,115.505975,Yes,Yes,20180121,
2018,Armstrong Bay,No-take,Little Armstrong,HZ,6,1,12:00:00,4,1,1979,-31.990553,115.505975,Yes,Yes,20180121,
2018,Armstrong Bay,No-take,Little Armstrong,HZ,7,1,12:00:00,1,1,1980,-31.990553,115.505975,Yes,Yes,20180121,
2018,Armstrong Bay,No-take,Little Armstrong,HZ,8,1,12:00:00,1,1,1981,-31.990553,115.505975,Yes,Yes,20180121,
2018,Armstrong Bay,No-take,Little Armstrong,HZ,9,1,12:00:00,1,1,1982,-31.990553,115.505975,Yes,Yes,20180121,
2018,Armstrong Bay,No-take,Little Armstrong,HZ,10,1,12:00:00,3,1,1983,-31.990553,115.505975,Yes,Yes,20180121,
2018,Armstrong Bay,No-take,Little Armstrong,HZ,11,1,12:00:00,1,1,1984,-31.990553,115.505975,Yes,Yes,20180121,
2018,Green Island,No-take,Green Island,MMBMAH,1,1,12:00:00,3,1,1985,-32.016548,115.499102,Yes,Yes,20180122,
2018,Green Island,No-take,Green Island,MMBMAH,2,1,12:00:00,3,3,1986,-32.016548,115.499102,Yes,Yes,20180122,
2018,Green Island,No-take,Green Island,MMBMAH,3,1,12:00:00,3,2,1987,-32.016548,115.499102,Yes,Yes,20180122,
2018,Green Island,No-take,Green Island,MMBMAH,4,1,12:00:00,2,2,1988,-32.016548,115.499102,Yes,Yes,20180122,
2018,Green Island,No-take,Green Island,MMBMAH,5,1,12:00:00,3,2,1989,-32.016548,115.499102,Yes,Yes,20180122,
2018,Green Island,No-take,Green Island,MMBMAH,6,1,12:00:00,2,2,1990,-32.016548,115.499102,Yes,Yes,20180122,
2018,Green Island,No-take,Green Island,MMBMAH,7,1,12:00:00,2,2,1991,-32.016548,115.499102,Yes,Yes,20180122,
2018,Green Island,No-take,Green Island,MMBMAH,8,1,12:00:00,3,2,1992,-32.016548,115.499102,Yes,Yes,20180122,
2018,Green Island,No-take,Green Island,MMBMAH,9,1,12:00:00,1,1,1993,-32.016548,115.499102,Yes,Yes,20180122,
2018,Green Island,No-take,Green Island,MMBMAH,10,1,12:00:00,4,0,1994,-32.016548,115.499102,Yes,Yes,20180122,
2018,Green Island,No-take,Green Island,HZCLSS,1,1,12:00:00,2,2,1995,-32.016548,115.499102,Yes,Yes,20180122,
2018,Green Island,No-take,Green Island,HZCLSS,2,1,12:00:00,2,2,1996,-32.016548,115.499102,Yes,Yes,20180122,
2018,Green Island,No-take,Green Island,HZCLSS,3,1,12:00:00,2,3,1997,-32.016548,115.499102,Yes,Yes,20180122,
2018,Green Island,No-take,Green Island,HZCLSS,4,1,12:00:00,2,2,1998,-32.016548,115.499102,Yes,Yes,20180122,
2018,Green Island,No-take,Green Island,HZCLSS,5,1,12:00:00,3,2,1999,-32.016548,115.499102,Yes,Yes,20180122,
2018,Green Island,No-take,Green Island,HZCLSS,6,1,12:00:00,1,3,2000,-32.016548,115.499102,Yes,Yes,20180122,
2018,Green Island,No-take,Green Island,HZCLSS,7,1,12:00:00,2,1,2001,-32.016548,115.499102,Yes,Yes,20180122,
2018,Green Island,No-take,Green Island,HZCLSS,8,1,12:00:00,3,3,2002,-32.016548,115.499102,Yes,Yes,20180122,
2018,Green Island,No-take,Green Island,HZCLSS,9,1,12:00:00,4,3,2003,-32.016548,115.499102,Yes,Yes,20180122,
2018,Green Island,No-take,Green Island,HZCLSS,10,1,12:00:00,2,2,2004,-32.016548,115.499102,Yes,Yes,20180122,
2018,Green Island,No-take,Green Island,TWSHDL,1,1,12:00:00,3,3,2005,-32.016548,115.499102,Yes,Yes,20180122,
2018,Green Island,No-take,Green Island,TWSHDL,2,1,12:00:00,3,3,2006,-32.016548,115.499102,Yes,Yes,20180122,
2018,Green Island,No-take,Green Island,TWSHDL,3,1,12:00:00,2,3,2007,-32.016548,115.499102,Yes,Yes,20180122,
2018,Green Island,No-take,Green Island,TWSHDL,4,1,12:00:00,4,3,2008,-32.016548,115.499102,Yes,Yes,20180122,
2018,Green Island,No-take,Green Island,TWSHDL,5,1,12:00:00,4,3,2009,-32.016548,115.499102,Yes,Yes,20180122,
2018,Green Island,No-take,Green Island,TWSHDL,6,1,12:00:00,2,3,2010,-32.016548,115.499102,Yes,Yes,20180122,
2018,Green Island,No-take,Green Island,TWSHDL,7,1,12:00:00,4,3,2011,-32.016548,115.499102,Yes,Yes,20180122,
2018,Green Island,No-take,Green Island,TWSHDL,8,1,12:00:00,2,3,2012,-32.016548,115.499102,Yes,Yes,20180122,
2018,Green Island,No-take,Green Island,TWSHDL,9,1,12:00:00,1,3,2013,-32.016548,115.499102,Yes,Yes,20180122,
2018,Green Island,No-take,Green Island,TWSHDL,10,1,12:00:00,4,3,2014,-32.016548,115.499102,Yes,Yes,20180122,
2018,Armstrong Bay,Fished,Geordie Bay,TWSHDL,1,1,12:00:00,2,1,2015,-31.988813,115.522852,Yes,Yes,20180122,
2018,Armstrong Bay,Fished,Geordie Bay,TWSHDL,2,1,12:00:00,2,1,2016,-31.988813,115.522852,Yes,Yes,20180122,
2018,Armstrong Bay,Fished,Geordie Bay,TWSHDL,3,1,12:00:00,3,1,2017,-31.988813,115.522852,Yes,Yes,20180122,
2018,Armstrong Bay,Fished,Geordie Bay,TWSHDL,4,1,12:00:00,4,1,2018,-31.988813,115.522852,Yes,Yes,20180122,
2018,Armstrong Bay,Fished,Geordie Bay,TWSHDL,5,1,12:00:00,4,1,2019,-31.988813,115.522852,Yes,Yes,20180122,
2018,Armstrong Bay,Fished,Geordie Bay,TWSHDL,6,1,12:00:00,4,1,2020,-31.988813,115.522852,Yes,Yes,20180122,
2018,Armstrong Bay,Fished,Geordie Bay,TWSHDL,7,1,12:00:00,3,3,2021,-31.988813,115.522852,Yes,Yes,20180122,
2018,Armstrong Bay,Fished,Geordie Bay,TWSHDL,8,1,12:00:00,1,1,2022,-31.988813,115.522852,Yes,Yes,20180122,
2018,Armstrong Bay,Fished,Geordie Bay,TWSHDL,9,1,12:00:00,4,3,2023,-31.988813,115.522852,Yes,Yes,20180122,
2018,Armstrong Bay,Fished,Geordie Bay,TWSHDL,10,1,12:00:00,4,3,2024,-31.988813,115.522852,Yes,Yes,20180122,
2018,Armstrong Bay,Fished,Geordie Bay,HZCLSS,1,1,12:00:00,3,1,2025,-31.988813,115.522852,Yes,Yes,20180122,
2018,Armstrong Bay,Fished,Geordie Bay,HZCLSS,2,1,12:00:00,4,2,2026,-31.988813,115.522852,Yes,Yes,20180122,
2018,Armstrong Bay,Fished,Geordie Bay,HZCLSS,3,1,12:00:00,3,1,2027,-31.988813,115.522852,Yes,Yes,20180122,
2018,Armstrong Bay,Fished,Geordie Bay,HZCLSS,4,1,12:00:00,4,2,2028,-31.988813,115.522852,Yes,Yes,20180122,
2018,Armstrong Bay,Fished,Geordie Bay,HZCLSS,5,1,12:00:00,2,1,2029,-31.988813,115.522852,Yes,Yes,20180122,
2018,Armstrong Bay,Fished,Geordie Bay,HZCLSS,6,1,12:00:00,1,3,2030,-31.988813,115.522852,Yes,Yes,20180122,
2018,Armstrong Bay,Fished,Geordie Bay,HZCLSS,7,1,12:00:00,3,1,2031,-31.988813,115.522852,Yes,Yes,20180122,
2018,Armstrong Bay,Fished,Geordie Bay,HZCLSS,8,1,12:00:00,2,1,2032,-31.988813,115.522852,Yes,Yes,20180122,
2018,Armstrong Bay,Fished,Geordie Bay,HZCLSS,9,1,12:00:00,2,2,2033,-31.988813,115.522852,Yes,Yes,20180122,
2018,Armstrong Bay,Fished,Geordie Bay,HZCLSS,10,1,12:00:00,2,1,2034,-31.988813,115.522852,Yes,Yes,20180122,
2018,Armstrong Bay,Fished,Geordie Bay,MMBMAH,1,1,12:00:00,1,1,2035,-31.988813,115.522852,Yes,Yes,20180122,
2018,Armstrong Bay,Fished,Geordie Bay,MMBMAH,2,1,12:00:00,2,3,2036,-31.988813,115.522852,Yes,Yes,20180122,
2018,Armstrong Bay,Fished,Geordie Bay,MMBMAH,3,1,12:00:00,2,3,2037,-31.988813,115.522852,Yes,Yes,20180122,
2018,Armstrong Bay,Fished,Geordie Bay,MMBMAH,4,1,12:00:00,2,1,2038,-31.988813,115.522852,Yes,Yes,20180122,
2018,Armstrong Bay,Fished,Geordie Bay,MMBMAH,5,1,12:00:00,4,3,2039,-31.988813,115.522852,Yes,Yes,20180122,
2018,Armstrong Bay,Fished,Geordie Bay,MMBMAH,6,1,12:00:00,3,3,2040,-31.988813,115.522852,Yes,Yes,20180122,
2018,Armstrong Bay,Fished,Geordie Bay,MMBMAH,7,1,12:00:00,2,3,2041,-31.988813,115.522852,Yes,Yes,20180122,
2018,Armstrong Bay,Fished,Geordie Bay,MMBMAH,8,1,12:00:00,1,3,2042,-31.988813,115.522852,Yes,Yes,20180122,
2018,Armstrong Bay,Fished,Geordie Bay,MMBMAH,9,1,12:00:00,2,2,2043,-31.988813,115.522852,Yes,Yes,20180122,
2018,Armstrong Bay,Fished,Geordie Bay,MMBMAH,10,1,12:00:00,3,3,2044,-31.988813,115.522852,Yes,Yes,20180122,
2018,Parker Point,Fished,Parker Point,HZCLDL,1,1,12:00:00,2,2,2045,-32.024125,115.53062,Yes,Yes,20180123,
2018,Parker Point,Fished,Parker Point,HZCLDL,2,1,12:00:00,4,1,2046,-32.024125,115.53062,Yes,Yes,20180123,
2018,Parker Point,Fished,Parker Point,HZCLDL,3,1,12:00:00,2,2,2047,-32.024125,115.53062,Yes,Yes,20180123,
2018,Parker Point,Fished,Parker Point,HZCLDL,4,1,12:00:00,4,3,2048,-32.024125,115.53062,Yes,Yes,20180123,
2018,Parker Point,Fished,Parker Point,HZCLDL,5,1,12:00:00,3,3,2049,-32.024125,115.53062,Yes,Yes,20180123,
2018,Parker Point,Fished,Parker Point,HZCLDL,6,1,12:00:00,2,3,2050,-32.024125,115.53062,Yes,Yes,20180123,
2018,Parker Point,Fished,Parker Point,HZCLDL,7,1,12:00:00,3,3,2051,-32.024125,115.53062,Yes,Yes,20180123,
2018,Parker Point,Fished,Parker Point,HZCLDL,8,1,12:00:00,2,2,2052,-32.024125,115.53062,Yes,Yes,20180123,
2018,Parker Point,Fished,Parker Point,HZCLDL,9,1,12:00:00,4,3,2053,-32.024125,115.53062,Yes,Yes,20180123,
2018,Parker Point,Fished,Parker Point,HZCLDL,10,1,12:00:00,4,1,2054,-32.024125,115.53062,Yes,Yes,20180123,
2018,Parker Point,Fished,Parker Point,AJTWSH,1,1,12:00:00,2,3,2055,-32.024125,115.53062,Yes,Yes,20180123,
2018,Parker Point,Fished,Parker Point,AJTWSH,2,1,12:00:00,3,1,2056,-32.024125,115.53062,Yes,Yes,20180123,
2018,Parker Point,Fished,Parker Point,AJTWSH,3,1,12:00:00,3,1,2057,-32.024125,115.53062,Yes,Yes,20180123,
2018,Parker Point,Fished,Parker Point,AJTWSH,4,1,12:00:00,3,1,2058,-32.024125,115.53062,Yes,Yes,20180123,
2018,Parker Point,Fished,Parker Point,AJTWSH,5,1,12:00:00,2,1,2059,-32.024125,115.53062,Yes,Yes,20180123,
2018,Parker Point,Fished,Parker Point,AJTWSH,6,1,12:00:00,3,1,2060,-32.024125,115.53062,Yes,Yes,20180123,
2018,Parker Point,Fished,Parker Point,AJTWSH,7,1,12:00:00,2,1,2061,-32.024125,115.53062,Yes,Yes,20180123,
2018,Parker Point,Fished,Parker Point,AJTWSH,8,1,12:00:00,2,1,2062,-32.024125,115.53062,Yes,Yes,20180123,
2018,Parker Point,Fished,Parker Point,AJTWSH,9,1,12:00:00,3,1,2063,-32.024125,115.53062,Yes,Yes,20180123,
2018,Parker Point,Fished,Parker Point,AJTWSH,10,1,12:00:00,1,1,2064,-32.024125,115.53062,Yes,Yes,20180123,
2018,Parker Point,Fished,Parker Point,AHBMMM,1,1,12:00:00,1,2,2065,-32.024125,115.53062,Yes,Yes,20180123,
2018,Parker Point,Fished,Parker Point,AHBMMM,2,1,12:00:00,2,3,2066,-32.024125,115.53062,Yes,Yes,20180123,
2018,Parker Point,Fished,Parker Point,AHBMMM,3,1,12:00:00,3,2,2067,-32.024125,115.53062,Yes,Yes,20180123,
2018,Parker Point,Fished,Parker Point,AHBMMM,4,1,12:00:00,4,3,2068,-32.024125,115.53062,Yes,Yes,20180123,
2018,Parker Point,Fished,Parker Point,AHBMMM,5,1,12:00:00,4,3,2069,-32.024125,115.53062,Yes,Yes,20180123,
2018,Parker Point,Fished,Parker Point,AHBMMM,6,1,12:00:00,4,3,2070,-32.024125,115.53062,Yes,Yes,20180123,
2018,Parker Point,Fished,Parker Point,AHBMMM,7,1,12:00:00,3,2,2071,-32.024125,115.53062,Yes,Yes,20180123,
2018,Parker Point,Fished,Parker Point,AHBMMM,8,1,12:00:00,4,3,2072,-32.024125,115.53062,Yes,Yes,20180123,
2018,Parker Point,Fished,Parker Point,AHBMMM,9,1,12:00:00,1,1,2073,-32.024125,115.53062,Yes,Yes,20180123,
2018,Parker Point,Fished,Parker Point,AHBMMM,10,1,12:00:00,4,3,2074,-32.024125,115.53062,Yes,Yes,20180123,
2018,Parker Point,No-take,Little Salmon,NAJKIS,1,1,12:00:00,2,3,2075,-32.025352,115.52435,Yes,Yes,20180125,
2018,Parker Point,No-take,Little Salmon,NAJKIS,2,1,12:00:00,3,3,2076,-32.025352,115.52435,Yes,Yes,20180125,
2018,Parker Point,No-take,Little Salmon,NAJKIS,3,1,12:00:00,3,3,2077,-32.025352,115.52435,Yes,Yes,20180125,
2018,Parker Point,No-take,Little Salmon,NAJKIS,4,1,12:00:00,3,3,2078,-32.025352,115.52435,Yes,Yes,20180125,
2018,Parker Point,No-take,Little Salmon,NAJKIS,5,1,12:00:00,2,3,2079,-32.025352,115.52435,Yes,Yes,20180125,
2018,Parker Point,No-take,Little Salmon,NAJKIS,6,1,12:00:00,4,3,2080,-32.025352,115.52435,Yes,Yes,20180125,
2018,Parker Point,No-take,Little Salmon,NAJKIS,7,1,12:00:00,4,3,2081,-32.025352,115.52435,Yes,Yes,20180125,
2018,Parker Point,No-take,Little Salmon,NAJKIS,8,1,12:00:00,3,3,2082,-32.025352,115.52435,Yes,Yes,20180125,
2018,Parker Point,No-take,Little Salmon,NAJKIS,9,1,12:00:00,1,1,2083,-32.025352,115.52435,Yes,Yes,20180125,
2018,Parker Point,No-take,Little Salmon,NAJKIS,10,1,12:00:00,3,1,2084,-32.025352,115.52435,Yes,Yes,20180125,
2018,Parker Point,No-take,Little Salmon,CEAMAC,1,1,12:00:00,3,3,2085,-32.025352,115.52435,Yes,Yes,20180125,
2018,Parker Point,No-take,Little Salmon,CEAMAC,2,1,12:00:00,4,3,2086,-32.025352,115.52435,Yes,Yes,20180125,
2018,Parker Point,No-take,Little Salmon,CEAMAC,3,1,12:00:00,4,3,2087,-32.025352,115.52435,Yes,Yes,20180125,
2018,Parker Point,No-take,Little Salmon,CEAMAC,4,1,12:00:00,4,3,2088,-32.025352,115.52435,Yes,Yes,20180125,
2018,Parker Point,No-take,Little Salmon,CEAMAC,5,1,12:00:00,3,1,2089,-32.025352,115.52435,Yes,Yes,20180125,
2018,Parker Point,No-take,Little Salmon,CEAMAC,6,1,12:00:00,4,1,2090,-32.025352,115.52435,Yes,Yes,20180125,
2018,Parker Point,No-take,Little Salmon,CEAMAC,7,1,12:00:00,3,3,2091,-32.025352,115.52435,Yes,Yes,20180125,
2018,Parker Point,No-take,Little Salmon,CEAMAC,8,1,12:00:00,4,3,2092,-32.025352,115.52435,Yes,Yes,20180125,
2018,Parker Point,No-take,Little Salmon,CEAMAC,9,1,12:00:00,1,3,2093,-32.025352,115.52435,Yes,Yes,20180125,
2018,Parker Point,No-take,Little Salmon,CEAMAC,10,1,12:00:00,1,3,2094,-32.025352,115.52435,Yes,Yes,20180125,
2018,Parker Point,No-take,Little Salmon,MHSSHW,1,1,12:00:00,3,3,2095,-32.025352,115.52435,Yes,Yes,20180125,
2018,Parker Point,No-take,Little Salmon,MHSSHW,2,1,12:00:00,4,1,2096,-32.025352,115.52435,Yes,Yes,20180125,
2018,Parker Point,No-take,Little Salmon,MHSSHW,3,1,12:00:00,3,3,2097,-32.025352,115.52435,Yes,Yes,20180125,
2018,Parker Point,No-take,Little Salmon,MHSSHW,4,1,12:00:00,4,3,2098,-32.025352,115.52435,Yes,Yes,20180125,
2018,Parker Point,No-take,Little Salmon,MHSSHW,5,1,12:00:00,4,1,2099,-32.025352,115.52435,Yes,Yes,20180125,
2018,Parker Point,No-take,Little Salmon,MHSSHW,6,1,12:00:00,4,3,2100,-32.025352,115.52435,Yes,Yes,20180125,
2018,Parker Point,No-take,Little Salmon,MHSSHW,7,1,12:00:00,2,3,2101,-32.025352,115.52435,Yes,Yes,20180125,
2018,Parker Point,No-take,Little Salmon,MHSSHW,8,1,12:00:00,4,3,2102,-32.025352,115.52435,Yes,Yes,20180125,
2018,Parker Point,No-take,Little Salmon,MHSSHW,9,1,12:00:00,3,3,2103,-32.025352,115.52435,Yes,Yes,20180125,
2018,Parker Point,No-take,Little Salmon,MHSSHW,10,1,12:00:00,2,1,2104,-32.025352,115.52435,Yes,Yes,20180125,
2018,Parker Point,No-take,Little Salmon,HCTKAGM,1,1,12:00:00,3,3,2105,-32.025352,115.52435,Yes,Yes,20180125,
2018,Parker Point,No-take,Little Salmon,HCTKAGM,2,1,12:00:00,3,1,2106,-32.025352,115.52435,Yes,Yes,20180125,
2018,Parker Point,No-take,Little Salmon,HCTKAGM,3,1,12:00:00,3,3,2107,-32.025352,115.52435,Yes,Yes,20180125,
2018,Parker Point,No-take,Little Salmon,HCTKAGM,4,1,12:00:00,2,3,2108,-32.025352,115.52435,Yes,Yes,20180125,
2018,Parker Point,No-take,Little Salmon,HCTKAGM,5,1,12:00:00,3,2,2109,-32.025352,115.52435,Yes,Yes,20180125,
2018,Parker Point,No-take,Little Salmon,HCTKAGM,6,1,12:00:00,0,1,2110,-32.025352,115.52435,Yes,Yes,20180125,
2018,Parker Point,No-take,Little Salmon,HCTKAGM,7,1,12:00:00,3,1,2111,-32.025352,115.52435,Yes,Yes,20180125,
2018,Parker Point,No-take,Little Salmon,HCTKAGM,8,1,12:00:00,2,3,2112,-32.025352,115.52435,Yes,Yes,20180125,
2018,Parker Point,No-take,Little Salmon,HCTKAGM,9,1,12:00:00,2,3,2113,-32.025352,115.52435,Yes,Yes,20180125,
2018,Armstrong Bay,Fished,Parakeet Bay,CEAMAC,1,1,12:00:00,3,3,2114,-31.988916,115.5158,Yes,Yes,20180125,
2018,Armstrong Bay,Fished,Parakeet Bay,CEAMAC,2,1,12:00:00,1,1,2115,-31.988916,115.5158,Yes,Yes,20180125,
2018,Armstrong Bay,Fished,Parakeet Bay,CEAMAC,3,1,12:00:00,3,1,2116,-31.988916,115.5158,Yes,Yes,20180125,
2018,Armstrong Bay,Fished,Parakeet Bay,CEAMAC,4,1,12:00:00,3,3,2117,-31.988916,115.5158,Yes,Yes,20180125,
2018,Armstrong Bay,Fished,Parakeet Bay,CEAMAC,5,1,12:00:00,1,3,2118,-31.988916,115.5158,Yes,Yes,20180125,
2018,Armstrong Bay,Fished,Parakeet Bay,CEAMAC,6,1,12:00:00,2,3,2119,-31.988916,115.5158,Yes,Yes,20180125,
2018,Armstrong Bay,Fished,Parakeet Bay,CEAMAC,7,1,12:00:00,2,3,2120,-31.988916,115.5158,Yes,Yes,20180125,
2018,Armstrong Bay,Fished,Parakeet Bay,CEAMAC,8,1,12:00:00,4,3,2121,-31.988916,115.5158,Yes,Yes,20180125,
2018,Armstrong Bay,Fished,Parakeet Bay,CEAMAC,9,1,12:00:00,1,3,2122,-31.988916,115.5158,Yes,Yes,20180125,
2018,Armstrong Bay,Fished,Parakeet Bay,CEAMAC,10,1,12:00:00,4,3,2123,-31.988916,115.5158,Yes,Yes,20180125,
2018,Armstrong Bay,Fished,Parakeet Bay,HCTKAGM,1,1,12:00:00,4,3,2124,-31.988916,115.5158,Yes,Yes,20180125,
2018,Armstrong Bay,Fished,Parakeet Bay,HCTKAGM,2,1,12:00:00,3,3,2125,-31.988916,115.5158,Yes,Yes,20180125,
2018,Armstrong Bay,Fished,Parakeet Bay,HCTKAGM,3,1,12:00:00,4,3,2126,-31.988916,115.5158,Yes,Yes,20180125,
2018,Armstrong Bay,Fished,Parakeet Bay,HCTKAGM,4,1,12:00:00,3,2,2127,-31.988916,115.5158,Yes,Yes,20180125,
2018,Armstrong Bay,Fished,Parakeet Bay,HCTKAGM,5,1,12:00:00,2,2,2128,-31.988916,115.5158,Yes,Yes,20180125,
2018,Armstrong Bay,Fished,Parakeet Bay,HCTKAGM,6,1,12:00:00,4,2,2129,-31.988916,115.5158,Yes,Yes,20180125,
2018,Armstrong Bay,Fished,Parakeet Bay,HCTKAGM,7,1,12:00:00,4,3,2130,-31.988916,115.5158,Yes,Yes,20180125,
2018,Armstrong Bay,Fished,Parakeet Bay,HCTKAGM,8,1,12:00:00,3,2,2131,-31.988916,115.5158,Yes,Yes,20180125,
2018,Armstrong Bay,Fished,Parakeet Bay,HCTKAGM,9,1,12:00:00,3,3,2132,-31.988916,115.5158,Yes,Yes,20180125,
2018,Armstrong Bay,Fished,Parakeet Bay,HCTKAGM,10,1,12:00:00,2,3,2133,-31.988916,115.5158,Yes,Yes,20180125,
2018,Armstrong Bay,Fished,Parakeet Bay,NAJKIS,1,1,12:00:00,3,3,2134,-31.988916,115.5158,Yes,Yes,20180125,
2018,Armstrong Bay,Fished,Parakeet Bay,NAJKIS,2,1,12:00:00,3,3,2135,-31.988916,115.5158,Yes,Yes,20180125,
2018,Armstrong Bay,Fished,Parakeet Bay,NAJKIS,3,1,12:00:00,4,3,2136,-31.988916,115.5158,Yes,Yes,20180125,
2018,Armstrong Bay,Fished,Parakeet Bay,NAJKIS,4,1,12:00:00,4,3,2137,-31.988916,115.5158,Yes,Yes,20180125,
2018,Armstrong Bay,Fished,Parakeet Bay,NAJKIS,5,1,12:00:00,2,3,2138,-31.988916,115.5158,Yes,Yes,20180125,
2018,Armstrong Bay,Fished,Parakeet Bay,NAJKIS,6,1,12:00:00,4,3,2139,-31.988916,115.5158,Yes,Yes,20180125,
2018,Armstrong Bay,Fished,Parakeet Bay,NAJKIS,7,1,12:00:00,1,3,2140,-31.988916,115.5158,Yes,Yes,20180125,
2018,Armstrong Bay,Fished,Parakeet Bay,NAJKIS,8,1,12:00:00,2,1,2141,-31.988916,115.5158,Yes,Yes,20180125,
2018,Armstrong Bay,Fished,Parakeet Bay,NAJKIS,9,1,12:00:00,2,3,2142,-31.988916,115.5158,Yes,Yes,20180125,
2018,Armstrong Bay,Fished,Parakeet Bay,NAJKIS,10,1,12:00:00,4,3,2143,-31.988916,115.5158,Yes,Yes,20180125,
2018,Armstrong Bay,Fished,Parakeet Bay,MHSSHW,1,1,12:00:00,3,1,2144,-31.988916,115.5158,Yes,Yes,20180125,
2018,Armstrong Bay,Fished,Parakeet Bay,MHSSHW,2,1,12:00:00,2,1,2145,-31.988916,115.5158,Yes,Yes,20180125,
2018,Armstrong Bay,Fished,Parakeet Bay,MHSSHW,3,1,12:00:00,4,3,2146,-31.988916,115.5158,Yes,Yes,20180125,
2018,Armstrong Bay,Fished,Parakeet Bay,MHSSHW,4,1,12:00:00,3,3,2147,-31.988916,115.5158,Yes,Yes,20180125,
2018,Armstrong Bay,Fished,Parakeet Bay,MHSSHW,5,1,12:00:00,2,3,2148,-31.988916,115.5158,Yes,Yes,20180125,
2018,Armstrong Bay,Fished,Parakeet Bay,MHSSHW,6,1,12:00:00,3,1,2149,-31.988916,115.5158,Yes,Yes,20180125,
2018,Armstrong Bay,Fished,Parakeet Bay,MHSSHW,7,1,12:00:00,1,3,2150,-31.988916,115.5158,Yes,Yes,20180125,
2018,Armstrong Bay,Fished,Parakeet Bay,MHSSHW,8,1,12:00:00,4,3,2151,-31.988916,115.5158,Yes,Yes,20180125,
2018,Armstrong Bay,Fished,Parakeet Bay,MHSSHW,9,1,12:00:00,2,3,2152,-31.988916,115.5158,Yes,Yes,20180125,
2018,Armstrong Bay,Fished,Parakeet Bay,MHSSHW,10,1,12:00:00,4,3,2153,-31.988916,115.5158,Yes,Yes,20180125,
2018,Parker Point,No-take,Parker Point,HWSSMH,1,1,12:00:00,2,1,2154,-32.025693,115.529321,Yes,Yes,20180126,
2018,Parker Point,No-take,Parker Point,HWSSMH,2,1,12:00:00,2,1,2155,-32.025693,115.529321,Yes,Yes,20180126,
2018,Parker Point,No-take,Parker Point,HWSSMH,3,1,12:00:00,1,0,2156,-32.025693,115.529321,Yes,Yes,20180126,
2018,Parker Point,No-take,Parker Point,HWSSMH,4,1,12:00:00,2,1,2157,-32.025693,115.529321,Yes,Yes,20180126,
2018,Parker Point,No-take,Parker Point,HWSSMH,5,1,12:00:00,4,1,2158,-32.025693,115.529321,Yes,Yes,20180126,
2018,Parker Point,No-take,Parker Point,HWSSMH,6,1,12:00:00,4,1,2159,-32.025693,115.529321,Yes,Yes,20180126,
2018,Parker Point,No-take,Parker Point,HWSSMH,7,1,12:00:00,4,1,2160,-32.025693,115.529321,Yes,Yes,20180126,
2018,Parker Point,No-take,Parker Point,HWSSMH,8,1,12:00:00,2,3,2161,-32.025693,115.529321,Yes,Yes,20180126,
2018,Parker Point,No-take,Parker Point,HWSSMH,9,1,12:00:00,2,3,2162,-32.025693,115.529321,Yes,Yes,20180126,
2018,Parker Point,No-take,Parker Point,HWSSMH,10,1,12:00:00,1,3,2163,-32.025693,115.529321,Yes,Yes,20180126,
2018,Parker Point,No-take,Parker Point,TKHCAGM,1,1,12:00:00,3,3,2164,-32.025693,115.529321,Yes,Yes,20180126,
2018,Parker Point,No-take,Parker Point,TKHCAGM,2,1,12:00:00,4,3,2165,-32.025693,115.529321,Yes,Yes,20180126,
2018,Parker Point,No-take,Parker Point,TKHCAGM,3,1,12:00:00,2,3,2166,-32.025693,115.529321,Yes,Yes,20180126,
2018,Parker Point,No-take,Parker Point,TKHCAGM,4,1,12:00:00,4,3,2167,-32.025693,115.529321,Yes,Yes,20180126,
2018,Parker Point,No-take,Parker Point,TKHCAGM,5,1,12:00:00,2,3,2168,-32.025693,115.529321,Yes,Yes,20180126,
2018,Parker Point,No-take,Parker Point,TKHCAGM,6,1,12:00:00,4,3,2169,-32.025693,115.529321,Yes,Yes,20180126,
2018,Parker Point,No-take,Parker Point,TKHCAGM,7,1,12:00:00,3,3,2170,-32.025693,115.529321,Yes,Yes,20180126,
2018,Parker Point,No-take,Parker Point,TKHCAGM,8,1,12:00:00,4,3,2171,-32.025693,115.529321,Yes,Yes,20180126,
2018,Parker Point,No-take,Parker Point,TKHCAGM,9,1,12:00:00,2,0,2172,-32.025693,115.529321,Yes,Yes,20180126,
2018,Parker Point,No-take,Parker Point,TKHCAGM,10,1,12:00:00,3,3,2173,-32.025693,115.529321,Yes,Yes,20180126,
2018,Parker Point,No-take,Parker Point,ISJKNA,1,1,12:00:00,2,1,2174,-32.025693,115.529321,Yes,Yes,20180126,
2018,Parker Point,No-take,Parker Point,ISJKNA,2,1,12:00:00,4,1,2175,-32.025693,115.529321,Yes,Yes,20180126,
2018,Parker Point,No-take,Parker Point,ISJKNA,3,1,12:00:00,4,3,2176,-32.025693,115.529321,Yes,Yes,20180126,
2018,Parker Point,No-take,Parker Point,ISJKNA,4,1,12:00:00,4,3,2177,-32.025693,115.529321,Yes,Yes,20180126,
2018,Parker Point,No-take,Parker Point,ISJKNA,5,1,12:00:00,4,1,2178,-32.025693,115.529321,Yes,Yes,20180126,
2018,Parker Point,No-take,Parker Point,ISJKNA,6,1,12:00:00,3,3,2179,-32.025693,115.529321,Yes,Yes,20180126,
2018,Parker Point,No-take,Parker Point,ISJKNA,7,1,12:00:00,3,1,2180,-32.025693,115.529321,Yes,Yes,20180126,
2018,Parker Point,No-take,Parker Point,ISJKNA,8,1,12:00:00,2,3,2181,-32.025693,115.529321,Yes,Yes,20180126,
2018,Parker Point,No-take,Parker Point,ISJKNA,9,1,12:00:00,2,3,2182,-32.025693,115.529321,Yes,Yes,20180126,
2018,Parker Point,No-take,Parker Point,ISJKNA,10,1,12:00:00,3,3,2183,-32.025693,115.529321,Yes,Yes,20180126,
2018,Parker Point,No-take,Parker Point,AMCEAC,1,1,12:00:00,2,3,2184,-32.025693,115.529321,Yes,Yes,20180126,
2018,Parker Point,No-take,Parker Point,AMCEAC,2,1,12:00:00,4,3,2185,-32.025693,115.529321,Yes,Yes,20180126,
2018,Parker Point,No-take,Parker Point,AMCEAC,3,1,12:00:00,1,3,2186,-32.025693,115.529321,Yes,Yes,20180126,
2018,Parker Point,No-take,Parker Point,AMCEAC,4,1,12:00:00,3,3,2187,-32.025693,115.529321,Yes,Yes,20180126,
2018,Parker Point,No-take,Parker Point,AMCEAC,5,1,12:00:00,3,3,2188,-32.025693,115.529321,Yes,Yes,20180126,
2018,Parker Point,No-take,Parker Point,AMCEAC,6,1,12:00:00,3,3,2189,-32.025693,115.529321,Yes,Yes,20180126,
2018,Parker Point,No-take,Parker Point,AMCEAC,7,1,12:00:00,2,2,2190,-32.025693,115.529321,Yes,Yes,20180126,
2018,Parker Point,No-take,Parker Point,AMCEAC,8,1,12:00:00,4,3,2191,-32.025693,115.529321,Yes,Yes,20180126,
2018,Parker Point,No-take,Parker Point,AMCEAC,9,1,12:00:00,4,3,2192,-32.025693,115.529321,Yes,Yes,20180126,
2018,Parker Point,No-take,Parker Point,AMCEAC,10,1,12:00:00,4,3,2193,-32.025693,115.529321,Yes,Yes,20180126,
2018,Parker Point,Fished,Fairbridge,ISJKNACE,1,1,12:00:00,4,3,2194,-32.016699,115.515372,Yes,Yes,20180126,
2018,Parker Point,Fished,Fairbridge,ISJKNACE,2,1,12:00:00,4,1,2195,-32.016699,115.515372,Yes,Yes,20180126,
2018,Parker Point,Fished,Fairbridge,ISJKNACE,3,1,12:00:00,3,3,2196,-32.016699,115.515372,Yes,Yes,20180126,
2018,Parker Point,Fished,Fairbridge,ISJKNACE,4,1,12:00:00,3,3,2197,-32.016699,115.515372,Yes,Yes,20180126,
2018,Parker Point,Fished,Fairbridge,ISJKNACE,5,1,12:00:00,3,3,2198,-32.016699,115.515372,Yes,Yes,20180126,
2018,Parker Point,Fished,Fairbridge,ISJKNACE,6,1,12:00:00,2,3,2199,-32.016699,115.515372,Yes,Yes,20180126,
2018,Parker Point,Fished,Fairbridge,ISJKNACE,7,1,12:00:00,1,3,2200,-32.016699,115.515372,Yes,Yes,20180126,
2018,Parker Point,Fished,Fairbridge,ISJKNACE,8,1,12:00:00,2,3,2201,-32.016699,115.515372,Yes,Yes,20180126,
2018,Parker Point,Fished,Fairbridge,ISJKNACE,9,1,12:00:00,1,3,2202,-32.016699,115.515372,Yes,Yes,20180126,
2018,Parker Point,Fished,Fairbridge,ISJKNACE,10,1,12:00:00,4,3,2203,-32.016699,115.515372,Yes,Yes,20180126,
2018,Parker Point,Fished,Fairbridge,TKAGMAMHC,1,1,12:00:00,2,1,2204,-32.016699,115.515372,Yes,Yes,20180126,
2018,Parker Point,Fished,Fairbridge,TKAGMAMHC,2,1,12:00:00,4,3,2205,-32.016699,115.515372,Yes,Yes,20180126,
2018,Parker Point,Fished,Fairbridge,TKAGMAMHC,3,1,12:00:00,4,2,2206,-32.016699,115.515372,Yes,Yes,20180126,
2018,Parker Point,Fished,Fairbridge,TKAGMAMHC,4,1,12:00:00,2,3,2207,-32.016699,115.515372,Yes,Yes,20180126,
2018,Parker Point,Fished,Fairbridge,TKAGMAMHC,5,1,12:00:00,2,2,2208,-32.016699,115.515372,Yes,Yes,20180126,
2018,Parker Point,Fished,Fairbridge,TKAGMAMHC,6,1,12:00:00,3,3,2209,-32.016699,115.515372,Yes,Yes,20180126,
2018,Parker Point,Fished,Fairbridge,TKAGMAMHC,7,1,12:00:00,3,3,2210,-32.016699,115.515372,Yes,Yes,20180126,
2018,Parker Point,Fished,Fairbridge,TKAGMAMHC,8,1,12:00:00,1,3,2211,-32.016699,115.515372,Yes,Yes,20180126,
2018,Parker Point,Fished,Fairbridge,TKAGMAMHC,9,1,12:00:00,3,3,2212,-32.016699,115.515372,Yes,Yes,20180126,
2018,Parker Point,Fished,Fairbridge,TKAGMAMHC,10,1,12:00:00,4,3,2213,-32.016699,115.515372,Yes,Yes,20180126,
2018,Parker Point,Fished,Fairbridge,MHACSSHW,1,1,12:00:00,1,3,2214,-32.016699,115.515372,Yes,Yes,20180126,
2018,Parker Point,Fished,Fairbridge,MHACSSHW,2,1,12:00:00,3,1,2215,-32.016699,115.515372,Yes,Yes,20180126,
2018,Parker Point,Fished,Fairbridge,MHACSSHW,3,1,12:00:00,1,3,2216,-32.016699,115.515372,Yes,Yes,20180126,
2018,Parker Point,Fished,Fairbridge,MHACSSHW,4,1,12:00:00,4,1,2217,-32.016699,115.515372,Yes,Yes,20180126,
2018,Parker Point,Fished,Fairbridge,MHACSSHW,5,1,12:00:00,3,2,2218,-32.016699,115.515372,Yes,Yes,20180126,
2018,Parker Point,Fished,Fairbridge,MHACSSHW,6,1,12:00:00,2,3,2219,-32.016699,115.515372,Yes,Yes,20180126,
2018,Parker Point,Fished,Fairbridge,MHACSSHW,7,1,12:00:00,2,3,2220,-32.016699,115.515372,Yes,Yes,20180126,
2018,Parker Point,Fished,Fairbridge,MHACSSHW,8,1,12:00:00,1,1,2221,-32.016699,115.515372,Yes,Yes,20180126,
2018,Parker Point,Fished,Fairbridge,MHACSSHW,9,1,12:00:00,1,3,2222,-32.016699,115.515372,Yes,Yes,20180126,
2018,Parker Point,Fished,Fairbridge,MHACSSHW,10,1,12:00:00,1,3,2223,-32.016699,115.515372,Yes,Yes,20180126,
2018,Green Island,Fished,West Salmon,HCTKAGM,1,1,12:00:00,1,3,2224,-32.014351,115.50276,Yes,Yes,20180126,
2018,Green Island,Fished,West Salmon,HCTKAGM,2,1,12:00:00,4,2,2225,-32.014351,115.50276,Yes,Yes,20180126,
2018,Green Island,Fished,West Salmon,HCTKAGM,3,1,12:00:00,1,1,2226,-32.014351,115.50276,Yes,Yes,20180126,
2018,Green Island,Fished,West Salmon,HCTKAGM,4,1,12:00:00,3,3,2227,-32.014351,115.50276,Yes,Yes,20180126,
2018,Green Island,Fished,West Salmon,HCTKAGM,5,1,12:00:00,2,2,2228,-32.014351,115.50276,Yes,Yes,20180126,
2018,Green Island,Fished,West Salmon,HCTKAGM,6,1,12:00:00,3,3,2229,-32.014351,115.50276,Yes,Yes,20180126,
2018,Green Island,Fished,West Salmon,HCTKAGM,7,1,12:00:00,4,3,2230,-32.014351,115.50276,Yes,Yes,20180126,
2018,Green Island,Fished,West Salmon,HCTKAGM,8,1,12:00:00,3,2,2231,-32.014351,115.50276,Yes,Yes,20180126,
2018,Green Island,Fished,West Salmon,HCTKAGM,9,1,12:00:00,4,3,2232,-32.014351,115.50276,Yes,Yes,20180126,
2018,Green Island,Fished,West Salmon,HCTKAGM,10,1,12:00:00,2,3,2233,-32.014351,115.50276,Yes,Yes,20180126,
2018,Green Island,Fished,West Salmon,SSHWMH,1,1,12:00:00,2,1,2234,-32.014351,115.50276,Yes,Yes,20180126,
2018,Green Island,Fished,West Salmon,SSHWMH,2,1,12:00:00,3,1,2235,-32.014351,115.50276,Yes,Yes,20180126,
2018,Green Island,Fished,West Salmon,SSHWMH,3,1,12:00:00,1,0,2236,-32.014351,115.50276,Yes,Yes,20180126,
2018,Green Island,Fished,West Salmon,SSHWMH,4,1,12:00:00,2,3,2237,-32.014351,115.50276,Yes,Yes,20180126,
2018,Green Island,Fished,West Salmon,SSHWMH,5,1,12:00:00,2,0,2238,-32.014351,115.50276,Yes,Yes,20180126,
2018,Green Island,Fished,West Salmon,SSHWMH,6,1,12:00:00,3,3,2239,-32.014351,115.50276,Yes,Yes,20180126,
2018,Green Island,Fished,West Salmon,SSHWMH,7,1,12:00:00,1,1,2240,-32.014351,115.50276,Yes,Yes,20180126,
2018,Green Island,Fished,West Salmon,SSHWMH,8,1,12:00:00,1,3,2241,-32.014351,115.50276,Yes,Yes,20180126,
2018,Green Island,Fished,West Salmon,SSHWMH,9,1,12:00:00,4,4,2242,-32.014351,115.50276,Yes,Yes,20180126,
2018,Green Island,Fished,West Salmon,SSHWMH,10,1,12:00:00,2,0,2243,-32.014351,115.50276,Yes,Yes,20180126,
2018,Green Island,Fished,West Salmon,JKNAIS,1,1,12:00:00,1,2,2244,-32.014351,115.50276,Yes,Yes,20180126,
2018,Green Island,Fished,West Salmon,JKNAIS,2,1,12:00:00,2,3,2245,-32.014351,115.50276,Yes,Yes,20180126,
2018,Green Island,Fished,West Salmon,JKNAIS,3,1,12:00:00,2,3,2246,-32.014351,115.50276,Yes,Yes,20180126,
2018,Green Island,Fished,West Salmon,JKNAIS,4,1,12:00:00,1,3,2247,-32.014351,115.50276,Yes,Yes,20180126,
2018,Green Island,Fished,West Salmon,JKNAIS,5,1,12:00:00,3,3,2248,-32.014351,115.50276,Yes,Yes,20180126,
2018,Green Island,Fished,West Salmon,JKNAIS,6,1,12:00:00,4,3,2249,-32.014351,115.50276,Yes,Yes,20180126,
2018,Green Island,Fished,West Salmon,JKNAIS,7,1,12:00:00,4,3,2250,-32.014351,115.50276,Yes,Yes,20180126,
2018,Green Island,Fished,West Salmon,JKNAIS,8,1,12:00:00,1,3,2251,-32.014351,115.50276,Yes,Yes,20180126,
2018,Green Island,Fished,West Salmon,JKNAIS,9,1,12:00:00,3,3,2252,-32.014351,115.50276,Yes,Yes,20180126,
2018,Green Island,Fished,West Salmon,JKNAIS,10,1,12:00:00,2,2,2253,-32.014351,115.50276,Yes,Yes,20180126,
2018,Green Island,Fished,West Salmon,ACAMCE,1,1,12:00:00,2,3,2254,-32.014351,115.50276,Yes,Yes,20180126,
2018,Green Island,Fished,West Salmon,ACAMCE,2,1,12:00:00,2,3,2255,-32.014351,115.50276,Yes,Yes,20180126,
2018,Green Island,Fished,West Salmon,ACAMCE,3,1,12:00:00,4,2,2256,-32.014351,115.50276,Yes,Yes,20180126,
2018,Green Island,Fished,West Salmon,ACAMCE,4,1,12:00:00,3,3,2257,-32.014351,115.50276,Yes,Yes,20180126,
2018,Green Island,Fished,West Salmon,ACAMCE,5,1,12:00:00,4,3,2258,-32.014351,115.50276,Yes,Yes,20180126,
2018,Green Island,Fished,West Salmon,ACAMCE,6,1,12:00:00,4,3,2259,-32.014351,115.50276,Yes,Yes,20180126,
2018,Green Island,Fished,West Salmon,ACAMCE,7,1,12:00:00,4,2,2260,-32.014351,115.50276,Yes,Yes,20180126,
2018,Green Island,Fished,West Salmon,ACAMCE,8,1,12:00:00,4,1,2261,-32.014351,115.50276,Yes,Yes,20180126,
2018,Green Island,Fished,West Salmon,ACAMCE,9,1,12:00:00,2,1,2262,-32.014351,115.50276,Yes,Yes,20180126,
2018,Green Island,Fished,West Salmon,ACAMCE,10,1,12:00:00,2,2,2263,-32.014351,115.50276,Yes,Yes,20180126,
2018,Armstrong Bay,Fished,Ricey Beach,AMMH,1,1,12:00:00,2,1,2264,-31.999667,115.48882,Yes,Yes,20180127,
2018,Armstrong Bay,Fished,Ricey Beach,AMMH,2,1,12:00:00,1,3,2265,-31.999667,115.48882,Yes,Yes,20180127,
2018,Armstrong Bay,Fished,Ricey Beach,AMMH,3,1,12:00:00,2,1,2266,-31.999667,115.48882,Yes,Yes,20180127,
2018,Armstrong Bay,Fished,Ricey Beach,AMMH,4,1,12:00:00,4,3,2267,-31.999667,115.48882,Yes,Yes,20180127,
2018,Armstrong Bay,Fished,Ricey Beach,AMMH,5,1,12:00:00,2,3,2268,-31.999667,115.48882,Yes,Yes,20180127,
2018,Armstrong Bay,Fished,Ricey Beach,AMMH,6,1,12:00:00,4,3,2269,-31.999667,115.48882,Yes,Yes,20180127,
2018,Armstrong Bay,Fished,Ricey Beach,AMMH,7,1,12:00:00,1,3,2270,-31.999667,115.48882,Yes,Yes,20180127,
2018,Armstrong Bay,Fished,Ricey Beach,AMMH,8,1,12:00:00,2,3,2271,-31.999667,115.48882,Yes,Yes,20180127,
2018,Armstrong Bay,Fished,Ricey Beach,AMMH,9,1,12:00:00,3,3,2272,-31.999667,115.48882,Yes,Yes,20180127,
2018,Armstrong Bay,Fished,Ricey Beach,AMMH,10,1,12:00:00,3,2,2273,-31.999667,115.48882,Yes,Yes,20180127,
2018,Armstrong Bay,Fished,Ricey Beach,TKHCAGM,1,1,12:00:00,3,1,2274,-31.999667,115.48882,Yes,Yes,20180127,
2018,Armstrong Bay,Fished,Ricey Beach,TKHCAGM,2,1,12:00:00,2,1,2275,-31.999667,115.48882,Yes,Yes,20180127,
2018,Armstrong Bay,Fished,Ricey Beach,TKHCAGM,3,1,12:00:00,3,1,2276,-31.999667,115.48882,Yes,Yes,20180127,
2018,Armstrong Bay,Fished,Ricey Beach,TKHCAGM,4,1,12:00:00,2,1,2277,-31.999667,115.48882,Yes,Yes,20180127,
2018,Armstrong Bay,Fished,Ricey Beach,TKHCAGM,5,1,12:00:00,1,2,2278,-31.999667,115.48882,Yes,Yes,20180127,
2018,Armstrong Bay,Fished,Ricey Beach,TKHCAGM,6,1,12:00:00,4,1,2279,-31.999667,115.48882,Yes,Yes,20180127,
2018,Armstrong Bay,Fished,Ricey Beach,TKHCAGM,7,1,12:00:00,1,1,2280,-31.999667,115.48882,Yes,Yes,20180127,
2018,Armstrong Bay,Fished,Ricey Beach,TKHCAGM,8,1,12:00:00,2,2,2281,-31.999667,115.48882,Yes,Yes,20180127,
2018,Armstrong Bay,Fished,Ricey Beach,TKHCAGM,9,1,12:00:00,4,1,2282,-31.999667,115.48882,Yes,Yes,20180127,
2018,Armstrong Bay,Fished,Ricey Beach,TKHCAGM,10,1,12:00:00,2,2,2283,-31.999667,115.48882,Yes,Yes,20180127,
2018,Armstrong Bay,Fished,Ricey Beach,NAJKIS,1,1,12:00:00,2,3,2284,-31.999667,115.48882,Yes,Yes,20180127,
2018,Armstrong Bay,Fished,Ricey Beach,NAJKIS,2,1,12:00:00,3,3,2285,-31.999667,115.48882,Yes,Yes,20180127,
2018,Armstrong Bay,Fished,Ricey Beach,NAJKIS,3,1,12:00:00,3,1,2286,-31.999667,115.48882,Yes,Yes,20180127,
2018,Armstrong Bay,Fished,Ricey Beach,NAJKIS,4,1,12:00:00,2,3,2287,-31.999667,115.48882,Yes,Yes,20180127,
2018,Armstrong Bay,Fished,Ricey Beach,NAJKIS,5,1,12:00:00,3,3,2288,-31.999667,115.48882,Yes,Yes,20180127,
2018,Armstrong Bay,Fished,Ricey Beach,NAJKIS,6,1,12:00:00,2,1,2289,-31.999667,115.48882,Yes,Yes,20180127,
2018,Armstrong Bay,Fished,Ricey Beach,NAJKIS,7,1,12:00:00,4,3,2290,-31.999667,115.48882,Yes,Yes,20180127,
2018,Armstrong Bay,Fished,Ricey Beach,NAJKIS,8,1,12:00:00,3,2,2291,-31.999667,115.48882,Yes,Yes,20180127,
2018,Armstrong Bay,Fished,Ricey Beach,NAJKIS,9,1,12:00:00,3,3,2292,-31.999667,115.48882,Yes,Yes,20180127,
2018,Armstrong Bay,Fished,Ricey Beach,NAJKIS,10,1,12:00:00,3,2,2293,-31.999667,115.48882,Yes,Yes,20180127,
2018,Armstrong Bay,Fished,Ricey Beach,CEACSS,1,1,12:00:00,4,1,2294,-31.999667,115.48882,Yes,Yes,20180127,
2018,Armstrong Bay,Fished,Ricey Beach,CEACSS,2,1,12:00:00,2,1,2295,-31.999667,115.48882,Yes,Yes,20180127,
2018,Armstrong Bay,Fished,Ricey Beach,CEACSS,3,1,12:00:00,4,1,2296,-31.999667,115.48882,Yes,Yes,20180127,
2018,Armstrong Bay,Fished,Ricey Beach,CEACSS,4,1,12:00:00,2,1,2297,-31.999667,115.48882,Yes,Yes,20180127,
2018,Armstrong Bay,Fished,Ricey Beach,CEACSS,5,1,12:00:00,4,1,2298,-31.999667,115.48882,Yes,Yes,20180127,
2018,Armstrong Bay,Fished,Ricey Beach,CEACSS,6,1,12:00:00,3,1,2299,-31.999667,115.48882,Yes,Yes,20180127,
2018,Armstrong Bay,Fished,Ricey Beach,CEACSS,7,1,12:00:00,3,1,2300,-31.999667,115.48882,Yes,Yes,20180127,
2018,Armstrong Bay,Fished,Ricey Beach,CEACSS,8,1,12:00:00,3,1,2301,-31.999667,115.48882,Yes,Yes,20180127,
2018,Armstrong Bay,Fished,Ricey Beach,CEACSS,9,1,12:00:00,4,1,2302,-31.999667,115.48882,Yes,Yes,20180127,
2018,Armstrong Bay,Fished,Ricey Beach,CEACSS,10,1,12:00:00,4,3,2303,-31.999667,115.48882,Yes,Yes,20180127,
2018,Green Island,Fished,Strickland Bay,HCTKAGM,1,1,12:00:00,3,1,2304,-32.017462,115.473186,Yes,Yes,20180128,
2018,Green Island,Fished,Strickland Bay,HCTKAGM,2,1,12:00:00,3,1,2305,-32.017462,115.473186,Yes,Yes,20180128,
2018,Green Island,Fished,Strickland Bay,HCTKAGM,3,1,12:00:00,3,1,2306,-32.017462,115.473186,Yes,Yes,20180128,
2018,Green Island,Fished,Strickland Bay,HCTKAGM,4,1,12:00:00,3,2,2307,-32.017462,115.473186,Yes,Yes,20180128,
2018,Green Island,Fished,Strickland Bay,HCTKAGM,5,1,12:00:00,3,3,2308,-32.017462,115.473186,Yes,Yes,20180128,
2018,Green Island,Fished,Strickland Bay,HCTKAGM,6,1,12:00:00,2,2,2309,-32.017462,115.473186,Yes,Yes,20180128,
2018,Green Island,Fished,Strickland Bay,HCTKAGM,7,1,12:00:00,1,0,2310,-32.017462,115.473186,Yes,Yes,20180128,
2018,Green Island,Fished,Strickland Bay,HCTKAGM,8,1,12:00:00,2,1,2311,-32.017462,115.473186,Yes,Yes,20180128,
2018,Green Island,Fished,Strickland Bay,HCTKAGM,9,1,12:00:00,2,1,2312,-32.017462,115.473186,Yes,Yes,20180128,
2018,Green Island,Fished,Strickland Bay,HCTKAGM,10,1,12:00:00,1,1,2313,-32.017462,115.473186,Yes,Yes,20180128,
2018,Green Island,Fished,Strickland Bay,MHAM,1,1,12:00:00,3,3,2314,-32.017462,115.473186,Yes,Yes,20180128,
2018,Green Island,Fished,Strickland Bay,MHAM,2,1,12:00:00,3,3,2315,-32.017462,115.473186,Yes,Yes,20180128,
2018,Green Island,Fished,Strickland Bay,MHAM,3,1,12:00:00,1,3,2316,-32.017462,115.473186,Yes,Yes,20180128,
2018,Green Island,Fished,Strickland Bay,MHAM,4,1,12:00:00,2,3,2317,-32.017462,115.473186,Yes,Yes,20180128,
2018,Green Island,Fished,Strickland Bay,MHAM,5,1,12:00:00,1,3,2318,-32.017462,115.473186,Yes,Yes,20180128,
2018,Green Island,Fished,Strickland Bay,MHAM,6,1,12:00:00,2,1,2319,-32.017462,115.473186,Yes,Yes,20180128,
2018,Green Island,Fished,Strickland Bay,MHAM,7,1,12:00:00,3,1,2320,-32.017462,115.473186,Yes,Yes,20180128,
2018,Green Island,Fished,Strickland Bay,MHAM,8,1,12:00:00,1,3,2321,-32.017462,115.473186,Yes,Yes,20180128,
2018,Green Island,Fished,Strickland Bay,MHAM,9,1,12:00:00,4,3,2322,-32.017462,115.473186,Yes,Yes,20180128,
2018,Green Island,Fished,Strickland Bay,MHAM,10,1,12:00:00,2,3,2323,-32.017462,115.473186,Yes,Yes,20180128,
2018,Green Island,Fished,Strickland Bay,CAAMSS,1,1,12:00:00,3,1,2324,-32.017462,115.473186,Yes,Yes,20180128,
2018,Green Island,Fished,Strickland Bay,CAAMSS,2,1,12:00:00,3,1,2325,-32.017462,115.473186,Yes,Yes,20180128,
2018,Green Island,Fished,Strickland Bay,CAAMSS,3,1,12:00:00,3,1,2326,-32.017462,115.473186,Yes,Yes,20180128,
2018,Green Island,Fished,Strickland Bay,CAAMSS,4,1,12:00:00,2,1,2327,-32.017462,115.473186,Yes,Yes,20180128,
2018,Green Island,Fished,Strickland Bay,CAAMSS,5,1,12:00:00,3,1,2328,-32.017462,115.473186,Yes,Yes,20180128,
2018,Green Island,Fished,Strickland Bay,CAAMSS,6,1,12:00:00,2,1,2329,-32.017462,115.473186,Yes,Yes,20180128,
2018,Green Island,Fished,Strickland Bay,CAAMSS,7,1,12:00:00,3,1,2330,-32.017462,115.473186,Yes,Yes,20180128,
2018,Green Island,Fished,Strickland Bay,CAAMSS,8,1,12:00:00,2,1,2331,-32.017462,115.473186,Yes,Yes,20180128,
2018,Green Island,Fished,Strickland Bay,CAAMSS,9,1,12:00:00,3,1,2332,-32.017462,115.473186,Yes,Yes,20180128,
2018,Green Island,Fished,Strickland Bay,ACCESS,10,1,12:00:00,3,1,2333,-32.017462,115.473186,Yes,Yes,20180128,
2018,Green Island,Fished,Strickland Bay,ISJKNAHW,1,1,12:00:00,3,3,2334,-32.017462,115.473186,Yes,Yes,20180128,
2018,Green Island,Fished,Strickland Bay,ISJKNAHW,2,1,12:00:00,1,3,2335,-32.017462,115.473186,Yes,Yes,20180128,
2018,Green Island,Fished,Strickland Bay,ISJKNAHW,3,1,12:00:00,1,3,2336,-32.017462,115.473186,Yes,Yes,20180128,
2018,Green Island,Fished,Strickland Bay,ISJKNAHW,4,1,12:00:00,2,3,2337,-32.017462,115.473186,Yes,Yes,20180128,
2018,Green Island,Fished,Strickland Bay,ISJKNAHW,5,1,12:00:00,2,3,2338,-32.017462,115.473186,Yes,Yes,20180128,
2018,Green Island,Fished,Strickland Bay,ISJKNAHW,6,1,12:00:00,4,3,2339,-32.017462,115.473186,Yes,Yes,20180128,
2018,Green Island,Fished,Strickland Bay,ISJKNAHW,7,1,12:00:00,3,3,2340,-32.017462,115.473186,Yes,Yes,20180128,
2018,Green Island,Fished,Strickland Bay,ISJKNAHW,8,1,12:00:00,4,3,2341,-32.017462,115.473186,Yes,Yes,20180128,
2018,Green Island,Fished,Strickland Bay,ISJKNAHW,9,1,12:00:00,4,3,2342,-32.017462,115.473186,Yes,Yes,20180128,
2018,Green Island,Fished,Strickland Bay,ISJKNAHW,10,1,12:00:00,3,3,2343,-32.017462,115.473186,Yes,Yes,20180128,
